sample_index,time_s,voltage_mV
0,0.0,2.42886
1,0.002,2.42886
2,0.004,2.42564
3,0.006,2.43048
4,0.008,2.41758
5,0.01,2.41033
6,0.012,2.41275
7,0.014,2.41839
8,0.016,2.42806
9,0.018,2.40549
10,0.02,2.42403
11,0.022,2.41678
12,0.024,2.40952
13,0.026,2.40469
14,0.028,2.40711
15,0.03,2.41275
16,0.032,2.41839
17,0.034,2.42806
18,0.036,2.43128
19,0.038,2.43209
20,0.04,2.42
21,0.042,2.43128
22,0.044,2.42886
23,0.046,2.43692
24,0.048,2.43853
25,0.05,2.42161
26,0.052,2.41839
27,0.054,2.41597
28,0.056,2.40952
29,0.058,2.41839
30,0.06,2.41436
31,0.062,2.41597
32,0.064,2.4063
33,0.066,2.40549
34,0.068,2.41758
35,0.07,2.41275
36,0.072,2.40872
37,0.074,2.40711
38,0.076,2.41516
39,0.078,2.40872
40,0.08,2.41597
41,0.082,2.41839
42,0.084,2.41839
43,0.086,2.41839
44,0.088,2.42725
45,0.09,2.42322
46,0.092,2.43048
47,0.094,2.42564
48,0.096,2.43048
49,0.098,2.42645
50,0.1,2.43128
51,0.102,2.42564
52,0.104,2.41919
53,0.106,2.42161
54,0.108,2.43128
55,0.11,2.41597
56,0.112,2.41033
57,0.114,2.41033
58,0.116,2.41597
59,0.118,2.42081
60,0.12,2.42081
61,0.122,2.42564
62,0.124,2.42161
63,0.126,2.43209
64,0.128,2.43289
65,0.13,2.43773
66,0.132,2.43451
67,0.134,2.43773
68,0.136,2.43934
69,0.138,2.43451
70,0.14,2.41033
71,0.142,2.4063
72,0.144,2.41597
73,0.146,2.41839
74,0.148,2.42403
75,0.15,2.41758
76,0.152,2.42484
77,0.154,2.41597
78,0.156,2.41516
79,0.158,2.41839
80,0.16,2.41597
81,0.162,2.42081
82,0.164,2.42081
83,0.166,2.40711
84,0.168,2.41033
85,0.17,2.42
86,0.172,2.41033
87,0.174,2.40791
88,0.176,2.41597
89,0.178,2.41194
90,0.18,2.42564
91,0.182,2.41597
92,0.184,2.42161
93,0.186,2.42645
94,0.188,2.42161
95,0.19,2.43451
96,0.192,2.43209
97,0.194,2.42806
98,0.196,2.43128
99,0.198,2.42725
100,0.2,2.43128
101,0.202,2.4337
102,0.204,2.42
103,0.206,2.41919
104,0.208,2.42725
105,0.21,2.41114
106,0.212,2.42081
107,0.214,2.42645
108,0.216,2.40711
109,0.218,2.40549
110,0.22,2.41758
111,0.222,2.41919
112,0.224,2.41516
113,0.226,2.41516
114,0.228,2.42
115,0.23,2.42564
116,0.232,2.41194
117,0.234,2.43048
118,0.236,2.43531
119,0.238,2.42161
120,0.24,2.43451
121,0.242,2.43128
122,0.244,2.43451
123,0.246,2.39744
124,0.248,2.42886
125,0.25,2.42806
126,0.252,2.42161
127,0.254,2.41033
128,0.256,2.41436
129,0.258,2.42161
130,0.26,2.42
131,0.262,2.41275
132,0.264,2.41355
133,0.266,2.41275
134,0.268,2.42081
135,0.27,2.41516
136,0.272,2.41194
137,0.274,2.40711
138,0.276,2.4063
139,0.278,2.40388
140,0.28,2.41678
141,0.282,2.40711
142,0.284,2.42
143,0.286,2.41758
144,0.288,2.41758
145,0.29,2.42484
146,0.292,2.42161
147,0.294,2.43853
148,0.296,2.42725
149,0.298,2.41516
150,0.3,2.41355
151,0.302,2.41919
152,0.304,2.40872
153,0.306,2.40711
154,0.308,2.41758
155,0.31,2.42242
156,0.312,2.41033
157,0.314,2.42242
158,0.316,2.41355
159,0.318,2.40711
160,0.32,2.39985
161,0.322,2.41436
162,0.324,2.40872
163,0.326,2.42242
164,0.328,2.41919
165,0.33,2.42564
166,0.332,2.41678
167,0.334,2.42322
168,0.336,2.42564
169,0.338,2.43209
170,0.34,2.44256
171,0.342,2.44337
172,0.344,2.43934
173,0.346,2.44095
174,0.348,2.43853
175,0.35,2.44659
176,0.352,2.45062
177,0.354,2.44256
178,0.356,2.44418
179,0.358,2.43209
180,0.36,2.44015
181,0.362,2.44821
182,0.364,2.45385
183,0.366,2.45223
184,0.368,2.44418
185,0.37,2.44982
186,0.372,2.44095
187,0.374,2.44095
188,0.376,2.44015
189,0.378,2.44176
190,0.38,2.45143
191,0.382,2.44821
192,0.384,2.44821
193,0.386,2.44982
194,0.388,2.46352
195,0.39,2.45788
196,0.392,2.4611
197,0.394,2.46432
198,0.396,2.4619
199,0.398,2.45868
200,0.4,2.45385
201,0.402,2.44821
202,0.404,2.45385
203,0.406,2.45385
204,0.408,2.45546
205,0.41,2.45385
206,0.412,2.43612
207,0.414,2.44015
208,0.416,2.44821
209,0.418,2.45546
210,0.42,2.45626
211,0.422,2.45143
212,0.424,2.46996
213,0.426,2.46352
214,0.428,2.4748
215,0.43,2.49172
216,0.432,2.50059
217,0.434,2.50703
218,0.436,2.52234
219,0.438,2.52557
220,0.44,2.52637
221,0.442,2.7504
222,0.444,2.76007
223,0.446,2.74718
224,0.448,2.75121
225,0.45,2.76168
226,0.452,2.75927
227,0.454,2.75685
228,0.456,2.75201
229,0.458,2.74637
230,0.46,2.7633
231,0.462,2.74557
232,0.464,2.75282
233,0.466,2.75685
234,0.468,2.75443
235,0.47,2.7633
236,0.472,2.76249
237,0.474,2.74476
238,0.476,2.75766
239,0.478,2.75766
240,0.48,2.75846
241,0.482,2.76733
242,0.484,2.77377
243,0.486,2.76894
244,0.488,2.7778
245,0.49,2.77538
246,0.492,2.78103
247,0.494,2.78103
248,0.496,2.77619
249,0.498,2.7907
250,0.5,2.79634
251,0.502,2.78264
252,0.504,2.78103
253,0.506,2.78908
254,0.508,2.77941
255,0.51,2.77941
256,0.512,2.76733
257,0.514,2.77861
258,0.516,2.77941
259,0.518,2.78022
260,0.52,2.77861
261,0.522,2.78828
262,0.524,2.78022
263,0.526,2.79392
264,0.528,2.79231
265,0.53,2.82051
266,0.532,2.79392
267,0.534,2.79231
268,0.536,2.79231
269,0.538,2.78828
270,0.54,2.79553
271,0.542,2.79956
272,0.544,2.79714
273,0.546,2.79956
274,0.548,2.81407
275,0.55,2.80842
276,0.552,2.8052
277,0.554,2.80198
278,0.556,2.79875
279,0.558,2.79231
280,0.56,2.7915
281,0.562,2.78908
282,0.564,2.79231
283,0.566,2.777
284,0.568,2.77377
285,0.57,2.77619
286,0.572,2.77136
287,0.574,2.7641
288,0.576,2.76813
289,0.578,2.76571
290,0.58,2.75846
291,0.582,2.7641
292,0.584,2.76249
293,0.586,2.76652
294,0.588,2.75363
295,0.59,2.75604
296,0.592,2.75363
297,0.594,2.75121
298,0.596,2.75524
299,0.598,2.75363
300,0.6,2.75121
301,0.602,2.75121
302,0.604,2.73348
303,0.606,2.7359
304,0.608,2.73348
305,0.61,2.73106
306,0.612,2.71978
307,0.614,2.69238
308,0.616,2.71092
309,0.618,2.71414
310,0.62,2.70366
311,0.622,2.69641
312,0.624,2.70286
313,0.626,2.68029
314,0.628,2.67626
315,0.63,2.6811
316,0.632,2.6811
317,0.634,2.67546
318,0.636,2.67949
319,0.638,2.67304
320,0.64,2.67385
321,0.642,2.66659
322,0.644,2.65853
323,0.646,2.66015
324,0.648,2.64242
325,0.65,2.64484
326,0.652,2.64484
327,0.654,2.63758
328,0.656,2.64322
329,0.658,2.62791
330,0.66,2.61421
331,0.662,2.61502
332,0.664,2.60293
333,0.666,2.60374
334,0.668,2.59004
335,0.67,2.59326
336,0.672,2.5852
337,0.674,2.59084
338,0.676,2.60212
339,0.678,2.58923
340,0.68,2.58762
341,0.682,2.5852
342,0.684,2.5707
343,0.686,2.56586
344,0.688,2.56183
345,0.69,2.557
346,0.692,2.56022
347,0.694,2.56505
348,0.696,2.557
349,0.698,2.557
350,0.7,2.55055
351,0.702,2.55136
352,0.704,2.55619
353,0.706,2.53927
354,0.708,2.5304
355,0.71,2.52879
356,0.712,2.5304
357,0.714,2.5304
358,0.716,2.53443
359,0.718,2.503
360,0.72,2.50784
361,0.722,2.50542
362,0.724,2.49656
363,0.726,2.50462
364,0.728,2.49333
365,0.73,2.49333
366,0.732,2.49172
367,0.734,2.49011
368,0.736,2.48366
369,0.738,2.49011
370,0.74,2.47963
371,0.742,2.48205
372,0.744,2.48366
373,0.746,2.50139
374,0.748,2.47158
375,0.75,2.47641
376,0.752,2.46513
377,0.754,2.47077
378,0.756,2.46513
379,0.758,2.45868
380,0.76,2.45626
381,0.762,2.45143
382,0.764,2.44821
383,0.766,2.44821
384,0.768,2.44982
385,0.77,2.44659
386,0.772,2.43612
387,0.774,2.4337
388,0.776,2.44659
389,0.778,2.42161
390,0.78,2.44498
391,0.782,2.4474
392,0.784,2.4474
393,0.786,2.44982
394,0.788,2.44982
395,0.79,2.44901
396,0.792,2.45304
397,0.794,2.44821
398,0.796,2.45143
399,0.798,2.45062
400,0.8,2.44256
401,0.802,2.43853
402,0.804,2.45223
403,0.806,2.45143
404,0.808,2.43612
405,0.81,2.45385
406,0.812,2.44498
407,0.814,2.44337
408,0.816,2.45062
409,0.818,2.44095
410,0.82,2.44256
411,0.822,2.43612
412,0.824,2.43289
413,0.826,2.43209
414,0.828,2.44498
415,0.83,2.44982
416,0.832,2.43451
417,0.834,2.42806
418,0.836,2.45546
419,0.838,2.45304
420,0.84,2.42886
421,0.842,2.45385
422,0.844,2.45143
423,0.846,2.45868
424,0.848,2.44579
425,0.85,2.45385
426,0.852,2.45465
427,0.854,2.45304
428,0.856,2.44901
429,0.858,2.43853
430,0.86,2.44095
431,0.862,2.43451
432,0.864,2.44176
433,0.866,2.44176
434,0.868,2.43612
435,0.87,2.45304
436,0.872,2.43451
437,0.874,2.43612
438,0.876,2.44015
439,0.878,2.42564
440,0.88,2.43531
441,0.882,2.43209
442,0.884,2.43209
443,0.886,2.43289
444,0.888,2.43451
445,0.89,2.44579
446,0.892,2.44579
447,0.894,2.43612
448,0.896,2.44418
449,0.898,2.44579
450,0.9,2.43934
451,0.902,2.43451
452,0.904,2.43773
453,0.906,2.44176
454,0.908,2.43773
455,0.91,2.41919
456,0.912,2.41436
457,0.914,2.43048
458,0.916,2.43048
459,0.918,2.41678
460,0.92,2.42725
461,0.922,2.43209
462,0.924,2.44498
463,0.926,2.42564
464,0.928,2.44498
465,0.93,2.43934
466,0.932,2.41839
467,0.934,2.43209
468,0.936,2.46513
469,0.938,2.47399
470,0.94,2.45868
471,0.942,2.45385
472,0.944,2.45304
473,0.946,2.44579
474,0.948,2.43612
475,0.95,2.44418
476,0.952,2.44821
477,0.954,2.43934
478,0.956,2.43289
479,0.958,2.43048
480,0.96,2.44256
481,0.962,2.45385
482,0.964,2.44821
483,0.966,2.43451
484,0.968,2.45385
485,0.97,2.44337
486,0.972,2.43048
487,0.974,2.43048
488,0.976,2.44256
489,0.978,2.44418
490,0.98,2.4474
491,0.982,2.44659
492,0.984,2.45143
493,0.986,2.45626
494,0.988,2.42806
495,0.99,2.43612
496,0.992,2.44256
497,0.994,2.45143
498,0.996,2.46593
499,0.998,2.44982
500,1.0,2.44901
501,1.002,2.44901
502,1.004,2.45304
503,1.006,2.44982
504,1.008,2.43209
505,1.01,2.42484
506,1.012,2.44095
507,1.014,2.45304
508,1.016,2.42806
509,1.018,2.42886
510,1.02,2.42564
511,1.022,2.4063
512,1.024,2.40388
513,1.026,2.40872
514,1.028,2.4063
515,1.03,2.41114
516,1.032,2.42403
517,1.034,2.44982
518,1.036,2.45385
519,1.038,2.41516
520,1.04,2.42484
521,1.042,2.42403
522,1.044,2.44579
523,1.046,2.43692
524,1.048,2.45223
525,1.05,2.40711
526,1.052,2.39099
527,1.054,2.42806
528,1.056,2.44418
529,1.058,2.43289
530,1.06,2.42
531,1.062,2.39985
532,1.064,2.42806
533,1.066,2.4474
534,1.068,2.42081
535,1.07,2.41033
536,1.072,2.39905
537,1.074,2.40549
538,1.076,2.42081
539,1.078,2.44015
540,1.08,2.45868
541,1.082,2.44821
542,1.084,2.45788
543,1.086,2.42806
544,1.088,2.43209
545,1.09,2.42564
546,1.092,2.42806
547,1.094,2.45788
548,1.096,2.46593
549,1.098,2.42161
550,1.1,2.42161
551,1.102,2.44256
552,1.104,2.43853
553,1.106,2.43451
554,1.108,2.43048
555,1.11,2.43048
556,1.112,2.43048
557,1.114,2.41275
558,1.116,2.39824
559,1.118,2.40952
560,1.12,2.40066
561,1.122,2.40308
562,1.124,2.41033
563,1.126,2.41597
564,1.128,2.40952
565,1.13,2.41516
566,1.132,2.40872
567,1.134,2.40872
568,1.136,2.42161
569,1.138,2.41275
570,1.14,2.43451
571,1.142,2.41839
572,1.144,2.41516
573,1.146,2.42081
574,1.148,2.42725
575,1.15,2.44659
576,1.152,2.43451
577,1.154,2.43048
578,1.156,2.44095
579,1.158,2.41516
580,1.16,2.40872
581,1.162,2.40952
582,1.164,2.40227
583,1.166,2.40549
584,1.168,2.39744
585,1.17,2.39905
586,1.172,2.38938
587,1.174,2.41275
588,1.176,2.40952
589,1.178,2.38857
590,1.18,2.40147
591,1.182,2.41033
592,1.184,2.41678
593,1.186,2.4063
594,1.188,2.39744
595,1.19,2.4063
596,1.192,2.41758
597,1.194,2.42
598,1.196,2.42
599,1.198,2.40469
600,1.2,2.40469
601,1.202,2.40066
602,1.204,2.40549
603,1.206,2.41275
604,1.208,2.40872
605,1.21,2.41033
606,1.212,2.41839
607,1.214,2.42403
608,1.216,2.39905
609,1.218,2.40549
610,1.22,2.41919
611,1.222,2.40711
612,1.224,2.40872
613,1.226,2.4063
614,1.228,2.42161
615,1.23,2.41033
616,1.232,2.41919
617,1.234,2.41033
618,1.236,2.41033
619,1.238,2.42081
620,1.24,2.42886
621,1.242,2.41919
622,1.244,2.42081
623,1.246,2.41919
624,1.248,2.42081
625,1.25,2.42564
626,1.252,2.42564
627,1.254,2.42161
628,1.256,2.42081
629,1.258,2.42484
630,1.26,2.41194
631,1.262,2.39663
632,1.264,2.40066
633,1.266,2.40227
634,1.268,2.40227
635,1.27,2.39905
636,1.272,2.39502
637,1.274,2.40308
638,1.276,2.3926
639,1.278,2.40549
640,1.28,2.39421
641,1.282,2.40147
642,1.284,2.40147
643,1.286,2.40227
644,1.288,2.41678
645,1.29,2.41516
646,1.292,2.41114
647,1.294,2.41275
648,1.296,2.42
649,1.298,2.42161
650,1.3,2.42645
651,1.302,2.42725
652,1.304,2.42
653,1.306,2.41597
654,1.308,2.39421
655,1.31,2.40227
656,1.312,2.4063
657,1.314,2.41597
658,1.316,2.40469
659,1.318,2.40711
660,1.32,2.40227
661,1.322,2.40952
662,1.324,2.4063
663,1.326,2.41033
664,1.328,2.40711
665,1.33,2.40469
666,1.332,2.40308
667,1.334,2.41033
668,1.336,2.4063
669,1.338,2.41839
670,1.34,2.41033
671,1.342,2.41678
672,1.344,2.41919
673,1.346,2.41839
674,1.348,2.41114
675,1.35,2.42
676,1.352,2.43128
677,1.354,2.42161
678,1.356,2.41516
679,1.358,2.42081
680,1.36,2.41758
681,1.362,2.41919
682,1.364,2.41194
683,1.366,2.4063
684,1.368,2.40791
685,1.37,2.40388
686,1.372,2.40872
687,1.374,2.40147
688,1.376,2.40227
689,1.378,2.40872
690,1.38,2.41275
691,1.382,2.41194
692,1.384,2.40872
693,1.386,2.41355
694,1.388,2.40872
695,1.39,2.41275
696,1.392,2.40711
697,1.394,2.40952
698,1.396,2.41597
699,1.398,2.41516
700,1.4,2.40711
701,1.402,2.41919
702,1.404,2.43451
703,1.406,2.43209
704,1.408,2.43451
705,1.41,2.42242
706,1.412,2.40872
707,1.414,2.41114
708,1.416,2.39905
709,1.418,2.39985
710,1.42,2.40227
711,1.422,2.38857
712,1.424,2.38696
713,1.426,2.38535
714,1.428,2.38615
715,1.43,2.38696
716,1.432,2.37326
717,1.434,2.38938
718,1.436,2.38454
719,1.438,2.39099
720,1.44,2.39421
721,1.442,2.4063
722,1.444,2.40711
723,1.446,2.40711
724,1.448,2.39905
725,1.45,2.40952
726,1.452,2.41033
727,1.454,2.40952
728,1.456,2.41275
729,1.458,2.41839
730,1.46,2.40791
731,1.462,2.4063
732,1.464,2.40791
733,1.466,2.39824
734,1.468,2.39341
735,1.47,2.38535
736,1.472,2.39421
737,1.474,2.38293
738,1.476,2.39744
739,1.478,2.37971
740,1.48,2.38696
741,1.482,2.39421
742,1.484,2.39663
743,1.486,2.40388
744,1.488,2.4063
745,1.49,2.40066
746,1.492,2.40227
747,1.494,2.42081
748,1.496,2.41919
749,1.498,2.42645
750,1.5,2.42242
751,1.502,2.42564
752,1.504,2.44418
753,1.506,2.44095
754,1.508,2.43209
755,1.51,2.42806
756,1.512,2.43289
757,1.514,2.43531
758,1.516,2.42161
759,1.518,2.42403
760,1.52,2.42645
761,1.522,2.41758
762,1.524,2.41275
763,1.526,2.40711
764,1.528,2.40549
765,1.53,2.41436
766,1.532,2.40872
767,1.534,2.41678
768,1.536,2.41516
769,1.538,2.42161
770,1.54,2.43128
771,1.542,2.41839
772,1.544,2.40872
773,1.546,2.42
774,1.548,2.40549
775,1.55,2.40469
776,1.552,2.42403
777,1.554,2.42564
778,1.556,2.43048
779,1.558,2.42564
780,1.56,2.43451
781,1.562,2.42484
782,1.564,2.42403
783,1.566,2.42161
784,1.568,2.42564
785,1.57,2.42161
786,1.572,2.41597
787,1.574,2.40952
788,1.576,2.42
789,1.578,2.42645
790,1.58,2.42081
791,1.582,2.43209
792,1.584,2.41919
793,1.586,2.41758
794,1.588,2.41919
795,1.59,2.42725
796,1.592,2.42242
797,1.594,2.42806
798,1.596,2.42725
799,1.598,2.43692
800,1.6,2.43128
801,1.602,2.4474
802,1.604,2.44659
803,1.606,2.4474
804,1.608,2.44498
805,1.61,2.43692
806,1.612,2.43209
807,1.614,2.42564
808,1.616,2.42806
809,1.618,2.43128
810,1.62,2.43531
811,1.622,2.44659
812,1.624,2.43934
813,1.626,2.43612
814,1.628,2.43853
815,1.63,2.44176
816,1.632,2.44498
817,1.634,2.44982
818,1.636,2.45788
819,1.638,2.45304
820,1.64,2.46674
821,1.642,2.46916
822,1.644,2.46835
823,1.646,2.45788
824,1.648,2.46916
825,1.65,2.47077
826,1.652,2.4893
827,1.654,2.48366
828,1.656,2.47883
829,1.658,2.48286
830,1.66,2.46755
831,1.662,2.46916
832,1.664,2.45062
833,1.666,2.45223
834,1.668,2.45385
835,1.67,2.46432
836,1.672,2.45546
837,1.674,2.45304
838,1.676,2.46755
839,1.678,2.45223
840,1.68,2.45385
841,1.682,2.45304
842,1.684,2.45385
843,1.686,2.45707
844,1.688,2.45626
845,1.69,2.46674
846,1.692,2.45868
847,1.694,2.46432
848,1.696,2.47883
849,1.698,2.47802
850,1.7,2.4748
851,1.702,2.47399
852,1.704,2.48125
853,1.706,2.46996
854,1.708,2.47802
855,1.71,2.48366
856,1.712,2.49736
857,1.714,2.50623
858,1.716,2.50139
859,1.718,2.50623
860,1.72,2.52718
861,1.722,2.54491
862,1.724,2.54249
863,1.726,2.55055
864,1.728,2.57392
865,1.73,2.56103
866,1.732,2.53766
867,1.734,2.53846
868,1.736,2.55458
869,1.738,2.5441
870,1.74,2.52154
871,1.742,2.5159
872,1.744,2.53443
873,1.746,2.53846
874,1.748,2.52879
875,1.75,2.51751
876,1.752,2.53846
877,1.754,2.52396
878,1.756,2.55619
879,1.758,2.56586
880,1.76,2.53604
881,1.762,2.52879
882,1.764,2.52718
883,1.766,2.52799
884,1.768,2.52718
885,1.77,2.53121
886,1.772,2.52476
887,1.774,2.50945
888,1.776,2.50542
889,1.778,2.51509
890,1.78,2.51106
891,1.782,2.51348
892,1.784,2.52234
893,1.786,2.5304
894,1.788,2.51832
895,1.79,2.49656
896,1.792,2.49253
897,1.794,2.49656
898,1.796,2.5159
899,1.798,2.52396
900,1.8,2.503
901,1.802,2.50703
902,1.804,2.51267
903,1.806,2.503
904,1.808,2.50462
905,1.81,2.49092
906,1.812,2.47641
907,1.814,2.47319
908,1.816,2.48366
909,1.818,2.4893
910,1.82,2.46593
911,1.822,2.46352
912,1.824,2.44579
913,1.826,2.43692
914,1.828,2.43853
915,1.83,2.44659
916,1.832,2.44337
917,1.834,2.42806
918,1.836,2.43773
919,1.838,2.44579
920,1.84,2.44095
921,1.842,2.44498
922,1.844,2.44982
923,1.846,2.45062
924,1.848,2.44095
925,1.85,2.44015
926,1.852,2.44579
927,1.854,2.43289
928,1.856,2.42322
929,1.858,2.42725
930,1.86,2.41758
931,1.862,2.42242
932,1.864,2.39905
933,1.866,2.39421
934,1.868,2.41919
935,1.87,2.41033
936,1.872,2.39018
937,1.874,2.38938
938,1.876,2.3926
939,1.878,2.38293
940,1.88,2.39099
941,1.882,2.3926
942,1.884,2.39179
943,1.886,2.38938
944,1.888,2.37648
945,1.89,2.37648
946,1.892,2.39018
947,1.894,2.38696
948,1.896,2.37407
949,1.898,2.34667
950,1.9,2.38615
951,1.902,2.38374
952,1.904,2.38777
953,1.906,2.3926
954,1.908,2.39421
955,1.91,2.39582
956,1.912,2.3926
957,1.914,2.3789
958,1.916,2.38857
959,1.918,2.37971
960,1.92,2.38696
961,1.922,2.37407
962,1.924,2.37004
963,1.926,2.36117
964,1.928,2.3652
965,1.93,2.36923
966,1.932,2.37326
967,1.934,2.36681
968,1.936,2.36762
969,1.938,2.36762
970,1.94,2.37245
971,1.942,2.37004
972,1.944,2.37326
973,1.946,2.37326
974,1.948,2.37084
975,1.95,2.38051
976,1.952,2.3789
977,1.954,2.37729
978,1.956,2.38051
979,1.958,2.38696
980,1.96,2.38132
981,1.962,2.38696
982,1.964,2.38293
983,1.966,2.37729
984,1.968,2.38615
985,1.97,2.37971
986,1.972,2.37165
987,1.974,2.37487
988,1.976,2.37729
989,1.978,2.38535
990,1.98,2.38132
991,1.982,2.37407
992,1.984,2.36842
993,1.986,2.38535
994,1.988,2.37165
995,1.99,2.36842
996,1.992,2.3781
997,1.994,2.38051
998,1.996,2.38615
999,1.998,2.38777
1000,2.0,2.38777
1001,2.002,2.38938
1002,2.004,2.38293
1003,2.006,2.36359
1004,2.008,2.38293
1005,2.01,2.38938
1006,2.012,2.37487
1007,2.014,2.38374
1008,2.016,2.37165
1009,2.018,2.37568
1010,2.02,2.36842
1011,2.022,2.36923
1012,2.024,2.36842
1013,2.026,2.37084
1014,2.028,2.36278
1015,2.03,2.35956
1016,2.032,2.34747
1017,2.034,2.35795
1018,2.036,2.34747
1019,2.038,2.34586
1020,2.04,2.34505
1021,2.042,2.3515
1022,2.044,2.35392
1023,2.046,2.35473
1024,2.048,2.35392
1025,2.05,2.36198
1026,2.052,2.36681
1027,2.054,2.36923
1028,2.056,2.38696
1029,2.058,2.38777
1030,2.06,2.36681
1031,2.062,2.37407
1032,2.064,2.37568
1033,2.066,2.36037
1034,2.068,2.36601
1035,2.07,2.36601
1036,2.072,2.37407
1037,2.074,2.37729
1038,2.076,2.40227
1039,2.078,2.39018
1040,2.08,2.39099
1041,2.082,2.38696
1042,2.084,2.38374
1043,2.086,2.38938
1044,2.088,2.3926
1045,2.09,2.38938
1046,2.092,2.38615
1047,2.094,2.39582
1048,2.096,2.38777
1049,2.098,2.40147
1050,2.1,2.39582
1051,2.102,2.40469
1052,2.104,2.41194
1053,2.106,2.40227
1054,2.108,2.4063
1055,2.11,2.40308
1056,2.112,2.41033
1057,2.114,2.41436
1058,2.116,2.40469
1059,2.118,2.41033
1060,2.12,2.42564
1061,2.122,2.42564
1062,2.124,2.41033
1063,2.126,2.41678
1064,2.128,2.41597
1065,2.13,2.41758
1066,2.132,2.42081
1067,2.134,2.4337
1068,2.136,2.43048
1069,2.138,2.45465
1070,2.14,2.47319
1071,2.142,2.49736
1072,2.144,2.53282
1073,2.146,2.56022
1074,2.148,2.58601
1075,2.15,2.60857
1076,2.152,2.66498
1077,2.154,2.6811
1078,2.156,2.71817
1079,2.158,2.76733
1080,2.16,2.8181
1081,2.162,2.87692
1082,2.164,2.93575
1083,2.166,3.00908
1084,2.168,3.07033
1085,2.17,3.11949
1086,2.172,3.18718
1087,2.174,3.25326
1088,2.176,3.29919
1089,2.178,3.3
1090,2.18,3.3
1091,2.182,3.3
1092,2.184,3.3
1093,2.186,3.3
1094,2.188,3.3
1095,2.19,3.3
1096,2.192,3.3
1097,2.194,3.3
1098,2.196,3.3
1099,2.198,3.3
1100,2.2,3.28952
1101,2.202,3.25407
1102,2.204,3.24037
1103,2.206,3.15172
1104,2.208,3.03165
1105,2.21,2.91802
1106,2.212,2.78103
1107,2.214,2.66498
1108,2.216,2.5707
1109,2.218,2.46432
1110,2.22,2.38454
1111,2.222,2.27172
1112,2.224,2.15729
1113,2.226,2.08637
1114,2.228,2.04527
1115,2.23,1.98161
1116,2.232,1.90667
1117,2.234,1.83656
1118,2.236,1.81641
1119,2.238,1.79788
1120,2.24,1.76967
1121,2.242,1.76967
1122,2.244,1.74952
1123,2.246,1.72132
1124,2.248,1.66733
1125,2.25,1.63831
1126,2.252,1.61736
1127,2.254,1.63267
1128,2.256,1.62784
1129,2.258,1.64799
1130,2.26,1.68908
1131,2.262,1.71407
1132,2.264,1.7874
1133,2.266,1.85106
1134,2.268,1.90989
1135,2.27,1.9526
1136,2.272,1.99773
1137,2.274,2.05253
1138,2.276,2.09282
1139,2.278,2.1315
1140,2.28,2.17744
1141,2.282,2.20645
1142,2.284,2.23465
1143,2.286,2.27092
1144,2.288,2.32249
1145,2.29,2.38938
1146,2.292,2.43128
1147,2.294,2.45707
1148,2.296,2.46755
1149,2.298,2.47319
1150,2.3,2.46432
1151,2.302,2.47077
1152,2.304,2.47722
1153,2.306,2.48286
1154,2.308,2.48205
1155,2.31,2.49011
1156,2.312,2.49011
1157,2.314,2.50059
1158,2.316,2.48608
1159,2.318,2.4893
1160,2.32,2.48286
1161,2.322,2.47963
1162,2.324,2.49253
1163,2.326,2.49333
1164,2.328,2.48447
1165,2.33,2.47722
1166,2.332,2.47883
1167,2.334,2.4748
1168,2.336,2.48366
1169,2.338,2.49333
1170,2.34,2.49172
1171,2.342,2.48608
1172,2.344,2.47319
1173,2.346,2.48205
1174,2.348,2.48125
1175,2.35,2.49656
1176,2.352,2.49253
1177,2.354,2.49736
1178,2.356,2.48447
1179,2.358,2.50059
1180,2.36,2.48366
1181,2.362,2.49172
1182,2.364,2.4885
1183,2.366,2.48769
1184,2.368,2.49253
1185,2.37,2.50139
1186,2.372,2.49092
1187,2.374,2.48689
1188,2.376,2.46835
1189,2.378,2.47238
1190,2.38,2.47077
1191,2.382,2.47641
1192,2.384,2.46755
1193,2.386,2.47158
1194,2.388,2.49253
1195,2.39,2.49253
1196,2.392,2.49253
1197,2.394,2.5022
1198,2.396,2.50542
1199,2.398,2.50945
1200,2.4,2.51348
1201,2.402,2.51187
1202,2.404,2.50703
1203,2.406,2.52557
1204,2.408,2.53846
1205,2.41,2.52879
1206,2.412,2.5159
1207,2.414,2.51751
1208,2.416,2.5159
1209,2.418,2.50703
1210,2.42,2.51106
1211,2.422,2.52234
1212,2.424,2.51267
1213,2.426,2.52154
1214,2.428,2.51832
1215,2.43,2.5159
1216,2.432,2.52799
1217,2.434,2.52396
1218,2.436,2.52879
1219,2.438,2.5304
1220,2.44,2.52234
1221,2.442,2.53201
1222,2.444,2.53524
1223,2.446,2.53282
1224,2.448,2.5433
1225,2.45,2.53685
1226,2.452,2.52637
1227,2.454,2.54974
1228,2.456,2.53524
1229,2.458,2.53443
1230,2.46,2.53604
1231,2.462,2.53927
1232,2.464,2.52476
1233,2.466,2.51912
1234,2.468,2.52476
1235,2.47,2.52637
1236,2.472,2.52154
1237,2.474,2.52557
1238,2.476,2.52396
1239,2.478,2.52234
1240,2.48,2.50703
1241,2.482,2.51348
1242,2.484,2.5167
1243,2.486,2.52476
1244,2.488,2.52073
1245,2.49,2.52879
1246,2.492,2.53685
1247,2.494,2.53443
1248,2.496,2.53927
1249,2.498,2.53846
1250,2.5,2.5441
1251,2.502,2.53766
1252,2.504,2.55297
1253,2.506,2.5433
1254,2.508,2.54733
1255,2.51,2.54571
1256,2.512,2.54571
1257,2.514,2.54249
1258,2.516,2.54491
1259,2.518,2.53443
1260,2.52,2.54088
1261,2.522,2.54088
1262,2.524,2.55216
1263,2.526,2.54169
1264,2.528,2.54894
1265,2.53,2.5578
1266,2.532,2.54813
1267,2.534,2.54249
1268,2.536,2.53927
1269,2.538,2.557
1270,2.54,2.5578
1271,2.542,2.557
1272,2.544,2.55458
1273,2.546,2.56505
1274,2.548,2.57473
1275,2.55,2.56264
1276,2.552,2.56425
1277,2.554,2.56022
1278,2.556,2.55216
1279,2.558,2.54974
1280,2.56,2.56183
1281,2.562,2.56586
1282,2.564,2.56505
1283,2.566,2.56344
1284,2.568,2.56183
1285,2.57,2.55619
1286,2.572,2.57231
1287,2.574,2.5707
1288,2.576,2.56989
1289,2.578,2.5852
1290,2.58,2.57634
1291,2.582,2.58117
1292,2.584,2.57473
1293,2.586,2.58037
1294,2.588,2.57795
1295,2.59,2.57473
1296,2.592,2.58198
1297,2.594,2.59407
1298,2.596,2.60454
1299,2.598,2.60293
1300,2.6,2.59971
1301,2.602,2.60777
1302,2.604,2.61018
1303,2.606,2.61502
1304,2.608,2.60374
1305,2.61,2.58278
1306,2.612,2.58198
1307,2.614,2.5852
1308,2.616,2.59407
1309,2.618,2.59084
1310,2.62,2.58681
1311,2.622,2.59487
1312,2.624,2.60857
1313,2.626,2.60777
1314,2.628,2.60132
1315,2.63,2.60857
1316,2.632,2.61179
1317,2.634,2.60374
1318,2.636,2.61179
1319,2.638,2.60535
1320,2.64,2.61341
1321,2.642,2.63919
1322,2.644,2.63436
1323,2.646,2.62549
1324,2.648,2.62872
1325,2.65,2.63355
1326,2.652,2.64322
1327,2.654,2.64081
1328,2.656,2.63839
1329,2.658,2.64484
1330,2.66,2.64081
1331,2.662,2.63758
1332,2.664,2.63194
1333,2.666,2.63839
1334,2.668,2.64806
1335,2.67,2.64806
1336,2.672,2.64403
1337,2.674,2.64484
1338,2.676,2.63919
1339,2.678,2.64081
1340,2.68,2.65612
1341,2.682,2.65048
1342,2.684,2.65692
1343,2.686,2.65451
1344,2.688,2.66176
1345,2.69,2.65612
1346,2.692,2.6537
1347,2.694,2.6537
1348,2.696,2.66015
1349,2.698,2.67304
1350,2.7,2.67385
1351,2.702,2.67707
1352,2.704,2.67788
1353,2.706,2.67707
1354,2.708,2.67788
1355,2.71,2.67949
1356,2.712,2.67949
1357,2.714,2.67949
1358,2.716,2.68674
1359,2.718,2.68352
1360,2.72,2.6819
1361,2.722,2.6811
1362,2.724,2.68835
1363,2.726,2.68674
1364,2.728,2.68352
1365,2.73,2.68916
1366,2.732,2.68513
1367,2.734,2.68593
1368,2.736,2.69883
1369,2.738,2.70286
1370,2.74,2.69963
1371,2.742,2.71172
1372,2.744,2.71656
1373,2.746,2.71414
1374,2.748,2.70044
1375,2.75,2.71172
1376,2.752,2.72059
1377,2.754,2.72864
1378,2.756,2.7222
1379,2.758,2.73832
1380,2.76,2.73348
1381,2.762,2.73267
1382,2.764,2.73832
1383,2.766,2.73429
1384,2.768,2.72462
1385,2.77,2.72784
1386,2.772,2.72864
1387,2.774,2.73106
1388,2.776,2.7222
1389,2.778,2.72864
1390,2.78,2.72703
1391,2.782,2.72703
1392,2.784,2.74718
1393,2.786,2.73993
1394,2.788,2.74234
1395,2.79,2.74557
1396,2.792,2.74879
1397,2.794,2.75846
1398,2.796,2.76571
1399,2.798,2.76088
1400,2.8,2.77216
1401,2.802,2.7633
1402,2.804,2.76733
1403,2.806,2.76168
1404,2.808,2.76733
1405,2.81,2.77055
1406,2.812,2.76974
1407,2.814,2.77297
1408,2.816,2.76733
1409,2.818,2.76813
1410,2.82,2.76571
1411,2.822,2.78264
1412,2.824,2.76974
1413,2.826,2.77377
1414,2.828,2.76652
1415,2.83,2.75846
1416,2.832,2.76088
1417,2.834,2.77377
1418,2.836,2.77136
1419,2.838,2.77619
1420,2.84,2.77458
1421,2.842,2.77619
1422,2.844,2.78103
1423,2.846,2.79231
1424,2.848,2.79956
1425,2.85,2.80601
1426,2.852,2.79311
1427,2.854,2.79795
1428,2.856,2.80037
1429,2.858,2.79795
1430,2.86,2.78908
1431,2.862,2.7915
1432,2.864,2.79956
1433,2.866,2.7907
1434,2.868,2.78264
1435,2.87,2.7907
1436,2.872,2.78586
1437,2.874,2.78344
1438,2.876,2.78344
1439,2.878,2.79714
1440,2.88,2.78425
1441,2.882,2.78264
1442,2.884,2.7915
1443,2.886,2.78264
1444,2.888,2.78425
1445,2.89,2.78425
1446,2.892,2.78667
1447,2.894,2.78586
1448,2.896,2.78828
1449,2.898,2.78989
1450,2.9,2.78667
1451,2.902,2.80198
1452,2.904,2.78183
1453,2.906,2.77941
1454,2.908,2.78103
1455,2.91,2.77619
1456,2.912,2.78264
1457,2.914,2.777
1458,2.916,2.78264
1459,2.918,2.7633
1460,2.92,2.76974
1461,2.922,2.76894
1462,2.924,2.76733
1463,2.926,2.7633
1464,2.928,2.75846
1465,2.93,2.75201
1466,2.932,2.7496
1467,2.934,2.73267
1468,2.936,2.74476
1469,2.938,2.73993
1470,2.94,2.7367
1471,2.942,2.73267
1472,2.944,2.73348
1473,2.946,2.73509
1474,2.948,2.73348
1475,2.95,2.72945
1476,2.952,2.71575
1477,2.954,2.72542
1478,2.956,2.72462
1479,2.958,2.73106
1480,2.96,2.72864
1481,2.962,2.71172
1482,2.964,2.71172
1483,2.966,2.69722
1484,2.968,2.69963
1485,2.97,2.68916
1486,2.972,2.68835
1487,2.974,2.68029
1488,2.976,2.67304
1489,2.978,2.66498
1490,2.98,2.65612
1491,2.982,2.64081
1492,2.984,2.65451
1493,2.986,2.64242
1494,2.988,2.64403
1495,2.99,2.63758
1496,2.992,2.64322
1497,2.994,2.63597
1498,2.996,2.63436
1499,2.998,2.63114
1500,3.0,2.63275
1501,3.002,2.63114
1502,3.004,2.63033
1503,3.006,2.62872
1504,3.008,2.6126
1505,3.01,2.6126
1506,3.012,2.61179
1507,3.014,2.61179
1508,3.016,2.60857
1509,3.018,2.59971
1510,3.02,2.59084
1511,3.022,2.59084
1512,3.024,2.58762
1513,3.026,2.57634
1514,3.028,2.57956
1515,3.03,2.5715
1516,3.032,2.56022
1517,3.034,2.56344
1518,3.036,2.55619
1519,3.038,2.54733
1520,3.04,2.54571
1521,3.042,2.5441
1522,3.044,2.53121
1523,3.046,2.52234
1524,3.048,2.52879
1525,3.05,2.5441
1526,3.052,2.53524
1527,3.054,2.53524
1528,3.056,2.53766
1529,3.058,2.53121
1530,3.06,2.53201
1531,3.062,2.5441
1532,3.064,2.53524
1533,3.066,2.53201
1534,3.068,2.52154
1535,3.07,2.51267
1536,3.072,2.51429
1537,3.074,2.50059
1538,3.076,2.49011
1539,3.078,2.49575
1540,3.08,2.48286
1541,3.082,2.48447
1542,3.084,2.48447
1543,3.086,2.4748
1544,3.088,2.47802
1545,3.09,2.48447
1546,3.092,2.47722
1547,3.094,2.46593
1548,3.096,2.4756
1549,3.098,2.47319
1550,3.1,2.47319
1551,3.102,2.48608
1552,3.104,2.47722
1553,3.106,2.47963
1554,3.108,2.48366
1555,3.11,2.4893
1556,3.112,2.48286
1557,3.114,2.48608
1558,3.116,2.4756
1559,3.118,2.46674
1560,3.12,2.47238
1561,3.122,2.46674
1562,3.124,2.46916
1563,3.126,2.46352
1564,3.128,2.4611
1565,3.13,2.46029
1566,3.132,2.46352
1567,3.134,2.46513
1568,3.136,2.46432
1569,3.138,2.45949
1570,3.14,2.46593
1571,3.142,2.45546
1572,3.144,2.43853
1573,3.146,2.45304
1574,3.148,2.45788
1575,3.15,2.47158
1576,3.152,2.48286
1577,3.154,2.47399
1578,3.156,2.46593
1579,3.158,2.45707
1580,3.16,2.4611
1581,3.162,2.46674
1582,3.164,2.4619
1583,3.166,2.46271
1584,3.168,2.45304
1585,3.17,2.45788
1586,3.172,2.45788
1587,3.174,2.45385
1588,3.176,2.44982
1589,3.178,2.45546
1590,3.18,2.44901
1591,3.182,2.44095
1592,3.184,2.45143
1593,3.186,2.44095
1594,3.188,2.45062
1595,3.19,2.45304
1596,3.192,2.45868
1597,3.194,2.45868
1598,3.196,2.44659
1599,3.198,2.43289
1600,3.2,2.43451
1601,3.202,2.45223
1602,3.204,2.44256
1603,3.206,2.46029
1604,3.208,2.46029
1605,3.21,2.45304
1606,3.212,2.4619
1607,3.214,2.45143
1608,3.216,2.45143
1609,3.218,2.44901
1610,3.22,2.45304
1611,3.222,2.44337
1612,3.224,2.44498
1613,3.226,2.44176
1614,3.228,2.44256
1615,3.23,2.44095
1616,3.232,2.43773
1617,3.234,2.42886
1618,3.236,2.43128
1619,3.238,2.43451
1620,3.24,2.44901
1621,3.242,2.45223
1622,3.244,2.44498
1623,3.246,2.45465
1624,3.248,2.46996
1625,3.25,2.45304
1626,3.252,2.45949
1627,3.254,2.46352
1628,3.256,2.45385
1629,3.258,2.45788
1630,3.26,2.47158
1631,3.262,2.4619
1632,3.264,2.45385
1633,3.266,2.45143
1634,3.268,2.45062
1635,3.27,2.45304
1636,3.272,2.44095
1637,3.274,2.44418
1638,3.276,2.44901
1639,3.278,2.44498
1640,3.28,2.44498
1641,3.282,2.44498
1642,3.284,2.45385
1643,3.286,2.44901
1644,3.288,2.43853
1645,3.29,2.44418
1646,3.292,2.44659
1647,3.294,2.44256
1648,3.296,2.44418
1649,3.298,2.44418
1650,3.3,2.44982
1651,3.302,2.45143
1652,3.304,2.45465
1653,3.306,2.44418
1654,3.308,2.44256
1655,3.31,2.44418
1656,3.312,2.44095
1657,3.314,2.4474
1658,3.316,2.45143
1659,3.318,2.45062
1660,3.32,2.42645
1661,3.322,2.43048
1662,3.324,2.43934
1663,3.326,2.43209
1664,3.328,2.43209
1665,3.33,2.45062
1666,3.332,2.45062
1667,3.334,2.43934
1668,3.336,2.43853
1669,3.338,2.43128
1670,3.34,2.43048
1671,3.342,2.44015
1672,3.344,2.43773
1673,3.346,2.43451
1674,3.348,2.44015
1675,3.35,2.42484
1676,3.352,2.42322
1677,3.354,2.44418
1678,3.356,2.44256
1679,3.358,2.44821
1680,3.36,2.44498
1681,3.362,2.44176
1682,3.364,2.43692
1683,3.366,2.42725
1684,3.368,2.43128
1685,3.37,2.43773
1686,3.372,2.45788
1687,3.374,2.43934
1688,3.376,2.44015
1689,3.378,2.41919
1690,3.38,2.42242
1691,3.382,2.41597
1692,3.384,2.41275
1693,3.386,2.41355
1694,3.388,2.43209
1695,3.39,2.42806
1696,3.392,2.4337
1697,3.394,2.43209
1698,3.396,2.43853
1699,3.398,2.43209
1700,3.4,2.42484
1701,3.402,2.42725
1702,3.404,2.43612
1703,3.406,2.43612
1704,3.408,2.43853
1705,3.41,2.43128
1706,3.412,2.43209
1707,3.414,2.42725
1708,3.416,2.42081
1709,3.418,2.41275
1710,3.42,2.41275
1711,3.422,2.41033
1712,3.424,2.41839
1713,3.426,2.41516
1714,3.428,2.42564
1715,3.43,2.41436
1716,3.432,2.41275
1717,3.434,2.41033
1718,3.436,2.42161
1719,3.438,2.41033
1720,3.44,2.40147
1721,3.442,2.40711
1722,3.444,2.41194
1723,3.446,2.41275
1724,3.448,2.41114
1725,3.45,2.40549
1726,3.452,2.42081
1727,3.454,2.41275
1728,3.456,2.41114
1729,3.458,2.41436
1730,3.46,2.42081
1731,3.462,2.41758
1732,3.464,2.41839
1733,3.466,2.43209
1734,3.468,2.41597
1735,3.47,2.41839
1736,3.472,2.40952
1737,3.474,2.41919
1738,3.476,2.41033
1739,3.478,2.41275
1740,3.48,2.40549
1741,3.482,2.41355
1742,3.484,2.42242
1743,3.486,2.41678
1744,3.488,2.42081
1745,3.49,2.41033
1746,3.492,2.41194
1747,3.494,2.40711
1748,3.496,2.39341
1749,3.498,2.41033
1750,3.5,2.42725
1751,3.502,2.43128
1752,3.504,2.42725
1753,3.506,2.41516
1754,3.508,2.41436
1755,3.51,2.41436
1756,3.512,2.41516
1757,3.514,2.41436
1758,3.516,2.42161
1759,3.518,2.41839
1760,3.52,2.4063
1761,3.522,2.40469
1762,3.524,2.40147
1763,3.526,2.40952
1764,3.528,2.41597
1765,3.53,2.41516
1766,3.532,2.40388
1767,3.534,2.40227
1768,3.536,2.4063
1769,3.538,2.38938
1770,3.54,2.40066
1771,3.542,2.39744
1772,3.544,2.39018
1773,3.546,2.40549
1774,3.548,2.39744
1775,3.55,2.40066
1776,3.552,2.4063
1777,3.554,2.41275
1778,3.556,2.41516
1779,3.558,2.40952
1780,3.56,2.41275
1781,3.562,2.40308
1782,3.564,2.41597
1783,3.566,2.4063
1784,3.568,2.41275
1785,3.57,2.40711
1786,3.572,2.39985
1787,3.574,2.40549
1788,3.576,2.40388
1789,3.578,2.40308
1790,3.58,2.40872
1791,3.582,2.39018
1792,3.584,2.40066
1793,3.586,2.40308
1794,3.588,2.40388
1795,3.59,2.40549
1796,3.592,2.40388
1797,3.594,2.39985
1798,3.596,2.38938
1799,3.598,2.3789
1800,3.6,2.38938
1801,3.602,2.39824
1802,3.604,2.40549
1803,3.606,2.39663
1804,3.608,2.40227
1805,3.61,2.39824
1806,3.612,2.39744
1807,3.614,2.39663
1808,3.616,2.38938
1809,3.618,2.38777
1810,3.62,2.38696
1811,3.622,2.39099
1812,3.624,2.39663
1813,3.626,2.40308
1814,3.628,2.39905
1815,3.63,2.39582
1816,3.632,2.39421
1817,3.634,2.39663
1818,3.636,2.39502
1819,3.638,2.39663
1820,3.64,2.40388
1821,3.642,2.39744
1822,3.644,2.40147
1823,3.646,2.39099
1824,3.648,2.39744
1825,3.65,2.39341
1826,3.652,2.39421
1827,3.654,2.39985
1828,3.656,2.39582
1829,3.658,2.40711
1830,3.66,2.39099
1831,3.662,2.40952
1832,3.664,2.42
1833,3.666,2.40711
1834,3.668,2.39744
1835,3.67,2.39179
1836,3.672,2.39341
1837,3.674,2.39179
1838,3.676,2.38454
1839,3.678,2.38535
1840,3.68,2.38293
1841,3.682,2.37648
1842,3.684,2.37165
1843,3.686,2.36923
1844,3.688,2.37729
1845,3.69,2.3789
1846,3.692,2.38615
1847,3.694,2.37648
1848,3.696,2.37729
1849,3.698,2.37245
1850,3.7,2.39582
1851,3.702,2.38857
1852,3.704,2.38454
1853,3.706,2.39582
1854,3.708,2.40227
1855,3.71,2.38938
1856,3.712,2.38696
1857,3.714,2.38938
1858,3.716,2.38293
1859,3.718,2.38293
1860,3.72,2.40227
1861,3.722,2.41114
1862,3.724,2.39582
1863,3.726,2.40308
1864,3.728,2.40227
1865,3.73,2.39502
1866,3.732,2.39905
1867,3.734,2.39421
1868,3.736,2.40549
1869,3.738,2.4063
1870,3.74,2.39663
1871,3.742,2.39663
1872,3.744,2.40066
1873,3.746,2.40711
1874,3.748,2.40147
1875,3.75,2.40066
1876,3.752,2.38938
1877,3.754,2.40711
1878,3.756,2.41275
1879,3.758,2.40549
1880,3.76,2.40549
1881,3.762,2.39421
1882,3.764,2.39663
1883,3.766,2.40469
1884,3.768,2.40549
1885,3.77,2.38938
1886,3.772,2.38051
1887,3.774,2.37568
1888,3.776,2.38374
1889,3.778,2.38051
1890,3.78,2.37004
1891,3.782,2.38696
1892,3.784,2.37084
1893,3.786,2.37326
1894,3.788,2.35231
1895,3.79,2.35956
1896,3.792,2.37648
1897,3.794,2.3789
1898,3.796,2.37648
1899,3.798,2.37004
1900,3.8,2.37326
1901,3.802,2.37407
1902,3.804,2.37648
1903,3.806,2.37407
1904,3.808,2.38696
1905,3.81,2.37971
1906,3.812,2.39018
1907,3.814,2.37568
1908,3.816,2.37648
1909,3.818,2.37487
1910,3.82,2.38777
1911,3.822,2.39502
1912,3.824,2.38132
1913,3.826,2.38293
1914,3.828,2.38212
1915,3.83,2.39099
1916,3.832,2.4063
1917,3.834,2.40147
1918,3.836,2.4063
1919,3.838,2.41033
1920,3.84,2.40711
1921,3.842,2.39744
1922,3.844,2.40388
1923,3.846,2.40872
1924,3.848,2.39744
1925,3.85,2.3926
1926,3.852,2.40147
1927,3.854,2.39985
1928,3.856,2.38938
1929,3.858,2.39421
1930,3.86,2.40147
1931,3.862,2.39099
1932,3.864,2.39582
1933,3.866,2.39341
1934,3.868,2.38938
1935,3.87,2.38374
1936,3.872,2.38777
1937,3.874,2.38615
1938,3.876,2.39582
1939,3.878,2.38938
1940,3.88,2.38212
1941,3.882,2.38938
1942,3.884,2.37084
1943,3.886,2.38615
1944,3.888,2.38777
1945,3.89,2.39099
1946,3.892,2.37648
1947,3.894,2.38938
1948,3.896,2.40308
1949,3.898,2.39582
1950,3.9,2.38051
1951,3.902,2.38777
1952,3.904,2.4063
1953,3.906,2.41114
1954,3.908,2.42403
1955,3.91,2.42161
1956,3.912,2.40952
1957,3.914,2.4063
1958,3.916,2.42484
1959,3.918,2.41678
1960,3.92,2.42322
1961,3.922,2.41516
1962,3.924,2.40227
1963,3.926,2.38938
1964,3.928,2.39421
1965,3.93,2.41839
1966,3.932,2.42242
1967,3.934,2.39744
1968,3.936,2.40066
1969,3.938,2.40549
1970,3.94,2.39341
1971,3.942,2.40147
1972,3.944,2.40308
1973,3.946,2.40147
1974,3.948,2.4063
1975,3.95,2.42081
1976,3.952,2.43773
1977,3.954,2.42886
1978,3.956,2.42403
1979,3.958,2.42484
1980,3.96,2.44982
1981,3.962,2.43934
1982,3.964,2.43451
1983,3.966,2.42645
1984,3.968,2.43209
1985,3.97,2.43289
1986,3.972,2.41436
1987,3.974,2.41597
1988,3.976,2.41436
1989,3.978,2.41919
1990,3.98,2.42725
1991,3.982,2.43853
1992,3.984,2.42967
1993,3.986,2.41678
1994,3.988,2.42
1995,3.99,2.42
1996,3.992,2.42242
1997,3.994,2.42242
1998,3.996,2.42725
1999,3.998,2.42161
2000,4.0,2.42403
2001,4.002,2.42886
2002,4.004,2.44256
2003,4.006,2.44095
2004,4.008,2.43773
2005,4.01,2.43934
2006,4.012,2.44176
2007,4.014,2.44579
2008,4.016,2.42806
2009,4.018,2.43612
2010,4.02,2.44901
2011,4.022,2.43128
2012,4.024,2.43289
2013,4.026,2.41919
2014,4.028,2.41033
2015,4.03,2.42484
2016,4.032,2.41919
2017,4.034,2.42564
2018,4.036,2.41516
2019,4.038,2.41355
2020,4.04,2.40872
2021,4.042,2.40227
2022,4.044,2.42242
2023,4.046,2.42081
2024,4.048,2.44095
2025,4.05,2.45223
2026,4.052,2.44095
2027,4.054,2.44337
2028,4.056,2.45304
2029,4.058,2.48286
2030,4.06,2.48366
2031,4.062,2.48286
2032,4.064,2.49253
2033,4.066,2.50462
2034,4.068,2.48447
2035,4.07,2.4748
2036,4.072,2.46674
2037,4.074,2.47963
2038,4.076,2.48689
2039,4.078,2.49172
2040,4.08,2.48366
2041,4.082,2.4748
2042,4.084,2.49897
2043,4.086,2.49253
2044,4.088,2.47963
2045,4.09,2.45385
2046,4.092,2.44256
2047,4.094,2.45546
2048,4.096,2.46674
2049,4.098,2.46593
2050,4.1,2.46755
2051,4.102,2.46271
2052,4.104,2.46432
2053,4.106,2.47399
2054,4.108,2.47399
2055,4.11,2.49011
2056,4.112,2.49736
2057,4.114,2.50864
2058,4.116,2.50139
2059,4.118,2.50462
2060,4.12,2.51026
2061,4.122,2.5159
2062,4.124,2.51026
2063,4.126,2.49978
2064,4.128,2.49575
2065,4.13,2.49817
2066,4.132,2.5159
2067,4.134,2.51106
2068,4.136,2.49897
2069,4.138,2.49011
2070,4.14,2.49011
2071,4.142,2.4756
2072,4.144,2.48286
2073,4.146,2.48044
2074,4.148,2.48447
2075,4.15,2.49575
2076,4.152,2.47963
2077,4.154,2.48689
2078,4.156,2.4885
2079,4.158,2.49092
2080,4.16,2.49172
2081,4.162,2.47883
2082,4.164,2.48447
2083,4.166,2.47963
2084,4.168,2.47077
2085,4.17,2.46674
2086,4.172,2.45707
2087,4.174,2.45385
2088,4.176,2.44337
2089,4.178,2.45143
2090,4.18,2.44015
2091,4.182,2.43209
2092,4.184,2.42806
2093,4.186,2.41597
2094,4.188,2.41919
2095,4.19,2.42645
2096,4.192,2.40872
2097,4.194,2.40872
2098,4.196,2.40952
2099,4.198,2.40711
2100,4.2,2.40711
2101,4.202,2.40227
2102,4.204,2.40549
2103,4.206,2.41114
2104,4.208,2.40388
2105,4.21,2.39744
2106,4.212,2.39099
2107,4.214,2.39582
2108,4.216,2.39341
2109,4.218,2.38615
2110,4.22,2.39018
2111,4.222,2.39582
2112,4.224,2.40227
2113,4.226,2.38938
2114,4.228,2.38696
2115,4.23,2.38454
2116,4.232,2.37971
2117,4.234,2.39179
2118,4.236,2.38051
2119,4.238,2.36842
2120,4.24,2.38374
2121,4.242,2.38051
2122,4.244,2.37648
2123,4.246,2.3781
2124,4.248,2.37084
2125,4.25,2.37729
2126,4.252,2.38132
2127,4.254,2.37648
2128,4.256,2.37084
2129,4.258,2.37326
2130,4.26,2.37971
2131,4.262,2.39099
2132,4.264,2.38535
2133,4.266,2.38051
2134,4.268,2.37971
2135,4.27,2.38293
2136,4.272,2.36762
2137,4.274,2.38051
2138,4.276,2.38051
2139,4.278,2.38212
2140,4.28,2.38857
2141,4.282,2.37648
2142,4.284,2.40066
2143,4.286,2.39744
2144,4.288,2.39502
2145,4.29,2.40469
2146,4.292,2.38051
2147,4.294,2.3789
2148,4.296,2.38051
2149,4.298,2.38535
2150,4.3,2.3781
2151,4.302,2.3652
2152,4.304,2.37648
2153,4.306,2.37971
2154,4.308,2.39824
2155,4.31,2.39502
2156,4.312,2.38777
2157,4.314,2.39744
2158,4.316,2.41275
2159,4.318,2.39663
2160,4.32,2.38938
2161,4.322,2.37326
2162,4.324,2.36842
2163,4.326,2.37165
2164,4.328,2.36681
2165,4.33,2.36681
2166,4.332,2.37084
2167,4.334,2.38051
2168,4.336,2.37165
2169,4.338,2.3781
2170,4.34,2.38454
2171,4.342,2.38051
2172,4.344,2.37568
2173,4.346,2.37971
2174,4.348,2.37004
2175,4.35,2.37326
2176,4.352,2.35231
2177,4.354,2.3507
2178,4.356,2.36762
2179,4.358,2.37407
2180,4.36,2.3781
2181,4.362,2.38132
2182,4.364,2.38777
2183,4.366,2.38938
2184,4.368,2.38615
2185,4.37,2.38938
2186,4.372,2.39744
2187,4.374,2.39421
2188,4.376,2.39099
2189,4.378,2.40711
2190,4.38,2.40066
2191,4.382,2.39905
2192,4.384,2.40066
2193,4.386,2.39421
2194,4.388,2.39099
2195,4.39,2.39985
2196,4.392,2.40227
2197,4.394,2.40066
2198,4.396,2.37971
2199,4.398,2.3926
2200,4.4,2.39421
2201,4.402,2.39663
2202,4.404,2.40388
2203,4.406,2.39744
2204,4.408,2.41275
2205,4.41,2.39985
2206,4.412,2.41114
2207,4.414,2.40388
2208,4.416,2.41758
2209,4.418,2.41678
2210,4.42,2.41678
2211,4.422,2.39744
2212,4.424,2.41275
2213,4.426,2.40952
2214,4.428,2.4063
2215,4.43,2.38051
2216,4.432,2.37648
2217,4.434,2.37568
2218,4.436,2.37971
2219,4.438,2.38696
2220,4.44,2.38696
2221,4.442,2.38938
2222,4.444,2.39018
2223,4.446,2.39421
2224,4.448,2.41033
2225,4.45,2.40227
2226,4.452,2.4063
2227,4.454,2.41275
2228,4.456,2.42725
2229,4.458,2.42806
2230,4.46,2.44901
2231,4.462,2.45385
2232,4.464,2.44901
2233,4.466,2.46029
2234,4.468,2.44579
2235,4.47,2.43853
2236,4.472,2.43612
2237,4.474,2.43451
2238,4.476,2.44982
2239,4.478,2.46029
2240,4.48,2.45143
2241,4.482,2.46432
2242,4.484,2.50139
2243,4.486,2.53363
2244,4.488,2.54491
2245,4.49,2.55377
2246,4.492,2.59326
2247,4.494,2.62147
2248,4.496,2.63678
2249,4.498,2.66901
2250,4.5,2.71092
2251,4.502,2.76249
2252,4.504,2.8181
2253,4.506,2.84549
2254,4.508,2.91077
2255,4.51,2.96879
2256,4.512,3.04374
2257,4.514,3.08886
2258,4.516,3.1219
2259,4.518,3.18557
2260,4.52,3.2307
2261,4.522,3.26696
2262,4.524,3.25407
2263,4.526,3.28066
2264,4.528,3.29597
2265,4.53,3.3
2266,4.532,3.3
2267,4.534,3.29678
2268,4.536,3.27179
2269,4.538,3.26132
2270,4.54,3.26696
2271,4.542,3.23795
2272,4.544,3.20652
2273,4.546,3.18234
2274,4.548,3.13722
2275,4.55,3.06066
2276,4.552,2.94703
2277,4.554,2.83099
2278,4.556,2.72059
2279,4.558,2.63516
2280,4.56,2.56989
2281,4.562,2.47158
2282,4.564,2.37971
2283,4.566,2.32007
2284,4.568,2.22901
2285,4.57,2.15487
2286,4.572,2.10088
2287,4.574,2.03399
2288,4.576,1.99209
2289,4.578,1.93245
2290,4.58,1.89136
2291,4.582,1.84542
2292,4.584,1.80432
2293,4.586,1.79546
2294,4.588,1.79304
2295,4.59,1.74791
2296,4.592,1.71568
2297,4.594,1.70037
2298,4.596,1.68586
2299,4.598,1.67619
2300,4.6,1.66088
2301,4.602,1.67377
2302,4.604,1.70923
2303,4.606,1.73179
2304,4.608,1.77612
2305,4.61,1.83897
2306,4.612,1.90183
2307,4.614,1.93487
2308,4.616,1.97678
2309,4.618,2.01949
2310,4.62,2.06462
2311,4.622,2.08718
2312,4.624,2.12103
2313,4.626,2.17502
2314,4.628,2.22418
2315,4.63,2.27333
2316,4.632,2.31927
2317,4.634,2.35714
2318,4.636,2.40227
2319,4.638,2.42484
2320,4.64,2.44095
2321,4.642,2.44982
2322,4.644,2.4611
2323,4.646,2.45626
2324,4.648,2.46996
2325,4.65,2.45385
2326,4.652,2.46352
2327,4.654,2.47319
2328,4.656,2.47883
2329,4.658,2.49011
2330,4.66,2.4893
2331,4.662,2.48608
2332,4.664,2.48608
2333,4.666,2.48447
2334,4.668,2.48769
2335,4.67,2.49495
2336,4.672,2.50462
2337,4.674,2.50623
2338,4.676,2.5022
2339,4.678,2.48366
2340,4.68,2.48286
2341,4.682,2.49011
2342,4.684,2.48689
2343,4.686,2.47963
2344,4.688,2.48125
2345,4.69,2.48125
2346,4.692,2.48527
2347,4.694,2.49253
2348,4.696,2.48447
2349,4.698,2.48447
2350,4.7,2.48286
2351,4.702,2.48205
2352,4.704,2.4885
2353,4.706,2.47399
2354,4.708,2.47319
2355,4.71,2.47722
2356,4.712,2.48608
2357,4.714,2.49575
2358,4.716,2.50059
2359,4.718,2.50784
2360,4.72,2.5022
2361,4.722,2.49414
2362,4.724,2.50462
2363,4.726,2.49414
2364,4.728,2.48447
2365,4.73,2.48286
2366,4.732,2.49253
2367,4.734,2.49897
2368,4.736,2.50139
2369,4.738,2.49978
2370,4.74,2.51267
2371,4.742,2.49817
2372,4.744,2.50059
2373,4.746,2.49817
2374,4.748,2.4885
2375,4.75,2.50381
2376,4.752,2.5022
2377,4.754,2.51026
2378,4.756,2.49736
2379,4.758,2.50462
2380,4.76,2.50623
2381,4.762,2.5159
2382,4.764,2.52476
2383,4.766,2.53121
2384,4.768,2.52476
2385,4.77,2.5167
2386,4.772,2.52154
2387,4.774,2.52476
2388,4.776,2.51832
2389,4.778,2.52879
2390,4.78,2.52315
2391,4.782,2.51832
2392,4.784,2.52557
2393,4.786,2.51267
2394,4.788,2.51912
2395,4.79,2.51187
2396,4.792,2.51912
2397,4.794,2.50945
2398,4.796,2.51429
2399,4.798,2.52396
2400,4.8,2.51509
2401,4.802,2.51832
2402,4.804,2.50542
2403,4.806,2.52315
2404,4.808,2.52234
2405,4.81,2.5304
2406,4.812,2.52476
2407,4.814,2.52396
2408,4.816,2.52315
2409,4.818,2.52718
2410,4.82,2.51026
2411,4.822,2.5167
2412,4.824,2.5159
2413,4.826,2.5304
2414,4.828,2.51993
2415,4.83,2.52234
2416,4.832,2.51993
2417,4.834,2.5159
2418,4.836,2.51026
2419,4.838,2.52073
2420,4.84,2.53766
2421,4.842,2.5304
2422,4.844,2.53201
2423,4.846,2.52234
2424,4.848,2.5304
2425,4.85,2.5304
2426,4.852,2.53524
2427,4.854,2.53121
2428,4.856,2.53282
2429,4.858,2.54571
2430,4.86,2.54491
2431,4.862,2.55136
2432,4.864,2.55216
2433,4.866,2.54894
2434,4.868,2.54571
2435,4.87,2.54813
2436,4.872,2.55861
2437,4.874,2.54974
2438,4.876,2.54169
2439,4.878,2.53846
2440,4.88,2.53604
2441,4.882,2.53201
2442,4.884,2.52637
2443,4.886,2.53846
2444,4.888,2.53846
2445,4.89,2.52718
2446,4.892,2.53121
2447,4.894,2.53524
2448,4.896,2.52315
2449,4.898,2.53604
2450,4.9,2.53524
2451,4.902,2.53766
2452,4.904,2.53927
2453,4.906,2.53766
2454,4.908,2.54249
2455,4.91,2.54894
2456,4.912,2.55458
2457,4.914,2.54813
2458,4.916,2.56183
2459,4.918,2.56586
2460,4.92,2.54894
2461,4.922,2.57392
2462,4.924,2.58359
2463,4.926,2.57231
2464,4.928,2.57473
2465,4.93,2.557
2466,4.932,2.56344
2467,4.934,2.56425
2468,4.936,2.55861
2469,4.938,2.55377
2470,4.94,2.55377
2471,4.942,2.56505
2472,4.944,2.57392
2473,4.946,2.57473
2474,4.948,2.5715
2475,4.95,2.56747
2476,4.952,2.56667
2477,4.954,2.56344
2478,4.956,2.57392
2479,4.958,2.57392
2480,4.96,2.57634
2481,4.962,2.58037
2482,4.964,2.58923
2483,4.966,2.58601
2484,4.968,2.58278
2485,4.97,2.60212
2486,4.972,2.59971
2487,4.974,2.60696
2488,4.976,2.5981
2489,4.978,2.60051
2490,4.98,2.59004
2491,4.982,2.58198
2492,4.984,2.58923
2493,4.986,2.58359
2494,4.988,2.57795
2495,4.99,2.57392
2496,4.992,2.58278
2497,4.994,2.59407
2498,4.996,2.5989
2499,4.998,2.59084
2500,5.0,2.58359
2501,5.002,2.60938
2502,5.004,2.60051
2503,5.006,2.60293
2504,5.008,2.60454
2505,5.01,2.60857
2506,5.012,2.61663
2507,5.014,2.6263
2508,5.016,2.62872
2509,5.018,2.63597
2510,5.02,2.63114
2511,5.022,2.64645
2512,5.024,2.64161
2513,5.026,2.64322
2514,5.028,2.64403
2515,5.03,2.63758
2516,5.032,2.63516
2517,5.034,2.64161
2518,5.036,2.64081
2519,5.038,2.64645
2520,5.04,2.65451
2521,5.042,2.65209
2522,5.044,2.65612
2523,5.046,2.66176
2524,5.048,2.65451
2525,5.05,2.6537
2526,5.052,2.65289
2527,5.054,2.65853
2528,5.056,2.66498
2529,5.058,2.6819
2530,5.06,2.69077
2531,5.062,2.68996
2532,5.064,2.69399
2533,5.066,2.69963
2534,5.068,2.69077
2535,5.07,2.69077
2536,5.072,2.69077
2537,5.074,2.68432
2538,5.076,2.69963
2539,5.078,2.69883
2540,5.08,2.69722
2541,5.082,2.68593
2542,5.084,2.68432
2543,5.086,2.68674
2544,5.088,2.6948
2545,5.09,2.69077
2546,5.092,2.68432
2547,5.094,2.69963
2548,5.096,2.69641
2549,5.098,2.70608
2550,5.1,2.70286
2551,5.102,2.70044
2552,5.104,2.71172
2553,5.106,2.7093
2554,5.108,2.71817
2555,5.11,2.72784
2556,5.112,2.72945
2557,5.114,2.73429
2558,5.116,2.73429
2559,5.118,2.74154
2560,5.12,2.73751
2561,5.122,2.74154
2562,5.124,2.74073
2563,5.126,2.74154
2564,5.128,2.72864
2565,5.13,2.7504
2566,5.132,2.74234
2567,5.134,2.72945
2568,5.136,2.7085
2569,5.138,2.71172
2570,5.14,2.71011
2571,5.142,2.71172
2572,5.144,2.71897
2573,5.146,2.73509
2574,5.148,2.73187
2575,5.15,2.72784
2576,5.152,2.72784
2577,5.154,2.73993
2578,5.156,2.74315
2579,5.158,2.75524
2580,5.16,2.75846
2581,5.162,2.74557
2582,5.164,2.74637
2583,5.166,2.75524
2584,5.168,2.77297
2585,5.17,2.76088
2586,5.172,2.7496
2587,5.174,2.74396
2588,5.176,2.7496
2589,5.178,2.76088
2590,5.18,2.77538
2591,5.182,2.75363
2592,5.184,2.75121
2593,5.186,2.74396
2594,5.188,2.74476
2595,5.19,2.73993
2596,5.192,2.74234
2597,5.194,2.73912
2598,5.196,2.7496
2599,5.198,2.75443
2600,5.2,2.74234
2601,5.202,2.75201
2602,5.204,2.74799
2603,5.206,2.74396
2604,5.208,2.7359
2605,5.21,2.74476
2606,5.212,2.7504
2607,5.214,2.75524
2608,5.216,2.75524
2609,5.218,2.7633
2610,5.22,2.7633
2611,5.222,2.77216
2612,5.224,2.77297
2613,5.226,2.76813
2614,5.228,2.76813
2615,5.23,2.75201
2616,5.232,2.75685
2617,5.234,2.76813
2618,5.236,2.75443
2619,5.238,2.74234
2620,5.24,2.7504
2621,5.242,2.7504
2622,5.244,2.74879
2623,5.246,2.75201
2624,5.248,2.75927
2625,5.25,2.75766
2626,5.252,2.75524
2627,5.254,2.75201
2628,5.256,2.75524
2629,5.258,2.74557
2630,5.26,2.74799
2631,5.262,2.7222
2632,5.264,2.73509
2633,5.266,2.74315
2634,5.268,2.75363
2635,5.27,2.76249
2636,5.272,2.74718
2637,5.274,2.73509
2638,5.276,2.73267
2639,5.278,2.73993
2640,5.28,2.73026
2641,5.282,2.72864
2642,5.284,2.71656
2643,5.286,2.70366
2644,5.288,2.70366
2645,5.29,2.7222
2646,5.292,2.71011
2647,5.294,2.70125
2648,5.296,2.70608
2649,5.298,2.69077
2650,5.3,2.71897
2651,5.302,2.69802
2652,5.304,2.68593
2653,5.306,2.68916
2654,5.308,2.69883
2655,5.31,2.67385
2656,5.312,2.6811
2657,5.314,2.67143
2658,5.316,2.67546
2659,5.318,2.67868
2660,5.32,2.67707
2661,5.322,2.66901
2662,5.324,2.6674
2663,5.326,2.66095
2664,5.328,2.66176
2665,5.33,2.65451
2666,5.332,2.63839
2667,5.334,2.64081
2668,5.336,2.63516
2669,5.338,2.62952
2670,5.34,2.61502
2671,5.342,2.63194
2672,5.344,2.61018
2673,5.346,2.61905
2674,5.348,2.61582
2675,5.35,2.60374
2676,5.352,2.59407
2677,5.354,2.58601
2678,5.356,2.58037
2679,5.358,2.5852
2680,5.36,2.58117
2681,5.362,2.58601
2682,5.364,2.57231
2683,5.366,2.57875
2684,5.368,2.56828
2685,5.37,2.56747
2686,5.372,2.56183
2687,5.374,2.56989
2688,5.376,2.56183
2689,5.378,2.56344
2690,5.38,2.55136
2691,5.382,2.53927
2692,5.384,2.53927
2693,5.386,2.54733
2694,5.388,2.53766
2695,5.39,2.52799
2696,5.392,2.52476
2697,5.394,2.51912
2698,5.396,2.51751
2699,5.398,2.51832
2700,5.4,2.50945
2701,5.402,2.51026
2702,5.404,2.49817
2703,5.406,2.49011
2704,5.408,2.49897
2705,5.41,2.49495
2706,5.412,2.4893
2707,5.414,2.50059
2708,5.416,2.49333
2709,5.418,2.5022
2710,5.42,2.49414
2711,5.422,2.49978
2712,5.424,2.49978
2713,5.426,2.49092
2714,5.428,2.49333
2715,5.43,2.49092
2716,5.432,2.49978
2717,5.434,2.46996
2718,5.436,2.46674
2719,5.438,2.46271
2720,5.44,2.46029
2721,5.442,2.47399
2722,5.444,2.46674
2723,5.446,2.46835
2724,5.448,2.46674
2725,5.45,2.45788
2726,5.452,2.44498
2727,5.454,2.44498
2728,5.456,2.44659
2729,5.458,2.43853
2730,5.46,2.43773
2731,5.462,2.45143
2732,5.464,2.44579
2733,5.466,2.44579
2734,5.468,2.47319
2735,5.47,2.45385
2736,5.472,2.44821
2737,5.474,2.45143
2738,5.476,2.45304
2739,5.478,2.45626
2740,5.48,2.44256
2741,5.482,2.43612
2742,5.484,2.44176
2743,5.486,2.44579
2744,5.488,2.43451
2745,5.49,2.43612
2746,5.492,2.44659
2747,5.494,2.43853
2748,5.496,2.43853
2749,5.498,2.45304
2750,5.5,2.45788
2751,5.502,2.44418
2752,5.504,2.42886
2753,5.506,2.43853
2754,5.508,2.43048
2755,5.51,2.42886
2756,5.512,2.42806
2757,5.514,2.42806
2758,5.516,2.44659
2759,5.518,2.42886
2760,5.52,2.43128
2761,5.522,2.4337
2762,5.524,2.43934
2763,5.526,2.44095
2764,5.528,2.44982
2765,5.53,2.45304
2766,5.532,2.43612
2767,5.534,2.43853
2768,5.536,2.43853
2769,5.538,2.44176
2770,5.54,2.44256
2771,5.542,2.44176
2772,5.544,2.43451
2773,5.546,2.43531
2774,5.548,2.43612
2775,5.55,2.44659
2776,5.552,2.44418
2777,5.554,2.43853
2778,5.556,2.43128
2779,5.558,2.44015
2780,5.56,2.43289
2781,5.562,2.42322
2782,5.564,2.43209
2783,5.566,2.44659
2784,5.568,2.45304
2785,5.57,2.45465
2786,5.572,2.45385
2787,5.574,2.45304
2788,5.576,2.43612
2789,5.578,2.44095
2790,5.58,2.45143
2791,5.582,2.45385
2792,5.584,2.44337
2793,5.586,2.44095
2794,5.588,2.44095
2795,5.59,2.45143
2796,5.592,2.44015
2797,5.594,2.45465
2798,5.596,2.44015
2799,5.598,2.44095
2800,5.6,2.43612
2801,5.602,2.43289
2802,5.604,2.43853
2803,5.606,2.42564
2804,5.608,2.43289
2805,5.61,2.43853
2806,5.612,2.43612
2807,5.614,2.42967
2808,5.616,2.43289
2809,5.618,2.42967
2810,5.62,2.43289
2811,5.622,2.43209
2812,5.624,2.45062
2813,5.626,2.43451
2814,5.628,2.44498
2815,5.63,2.44256
2816,5.632,2.45385
2817,5.634,2.44418
2818,5.636,2.44982
2819,5.638,2.43289
2820,5.64,2.45465
2821,5.642,2.43451
2822,5.644,2.43048
2823,5.646,2.42484
2824,5.648,2.4337
2825,5.65,2.44176
2826,5.652,2.42886
2827,5.654,2.42725
2828,5.656,2.43853
2829,5.658,2.43451
2830,5.66,2.44498
2831,5.662,2.44659
2832,5.664,2.46271
2833,5.666,2.45385
2834,5.668,2.46432
2835,5.67,2.46996
2836,5.672,2.45546
2837,5.674,2.45385
2838,5.676,2.4474
2839,5.678,2.45223
2840,5.68,2.44498
2841,5.682,2.44095
2842,5.684,2.43289
2843,5.686,2.44015
2844,5.688,2.43209
2845,5.69,2.43934
2846,5.692,2.44095
2847,5.694,2.43853
2848,5.696,2.43773
2849,5.698,2.44176
2850,5.7,2.43773
2851,5.702,2.44982
2852,5.704,2.43209
2853,5.706,2.43853
2854,5.708,2.4474
2855,5.71,2.43692
2856,5.712,2.43612
2857,5.714,2.43209
2858,5.716,2.43773
2859,5.718,2.43048
2860,5.72,2.44256
2861,5.722,2.44498
2862,5.724,2.45385
2863,5.726,2.44498
2864,5.728,2.4474
2865,5.73,2.45385
2866,5.732,2.44256
2867,5.734,2.43934
2868,5.736,2.43773
2869,5.738,2.43048
2870,5.74,2.43289
2871,5.742,2.43289
2872,5.744,2.44256
2873,5.746,2.42886
2874,5.748,2.43048
2875,5.75,2.43289
2876,5.752,2.43934
2877,5.754,2.44095
2878,5.756,2.42886
2879,5.758,2.40227
2880,5.76,2.43128
2881,5.762,2.42886
2882,5.764,2.43692
2883,5.766,2.44256
2884,5.768,2.44982
2885,5.77,2.44095
2886,5.772,2.44015
2887,5.774,2.43853
2888,5.776,2.43209
2889,5.778,2.43048
2890,5.78,2.43048
2891,5.782,2.43451
2892,5.784,2.42806
2893,5.786,2.42725
2894,5.788,2.42806
2895,5.79,2.42242
2896,5.792,2.42242
2897,5.794,2.41516
2898,5.796,2.40872
2899,5.798,2.40066
2900,5.8,2.40147
2901,5.802,2.40549
2902,5.804,2.40066
2903,5.806,2.4063
2904,5.808,2.40227
2905,5.81,2.39905
2906,5.812,2.40469
2907,5.814,2.39744
2908,5.816,2.41275
2909,5.818,2.41436
2910,5.82,2.42242
2911,5.822,2.41597
2912,5.824,2.41436
2913,5.826,2.41194
2914,5.828,2.41839
2915,5.83,2.40711
2916,5.832,2.41758
2917,5.834,2.41194
2918,5.836,2.41436
2919,5.838,2.41516
2920,5.84,2.41033
2921,5.842,2.40227
2922,5.844,2.39744
2923,5.846,2.40227
2924,5.848,2.39744
2925,5.85,2.38696
2926,5.852,2.39905
2927,5.854,2.37245
2928,5.856,2.40388
2929,5.858,2.39582
2930,5.86,2.41194
2931,5.862,2.41114
2932,5.864,2.40711
2933,5.866,2.42081
2934,5.868,2.41516
2935,5.87,2.40872
2936,5.872,2.40791
2937,5.874,2.4063
2938,5.876,2.39985
2939,5.878,2.39502
2940,5.88,2.40549
2941,5.882,2.39985
2942,5.884,2.40227
2943,5.886,2.39663
2944,5.888,2.3926
2945,5.89,2.38938
2946,5.892,2.38938
2947,5.894,2.38132
2948,5.896,2.39099
2949,5.898,2.3781
2950,5.9,2.3926
2951,5.902,2.3926
2952,5.904,2.3789
2953,5.906,2.37568
2954,5.908,2.36842
2955,5.91,2.35473
2956,5.912,2.35875
2957,5.914,2.36037
2958,5.916,2.37326
2959,5.918,2.39341
2960,5.92,2.39099
2961,5.922,2.39018
2962,5.924,2.38696
2963,5.926,2.38132
2964,5.928,2.39341
2965,5.93,2.39824
2966,5.932,2.39421
2967,5.934,2.39985
2968,5.936,2.39502
2969,5.938,2.40308
2970,5.94,2.39341
2971,5.942,2.40308
2972,5.944,2.4063
2973,5.946,2.40066
2974,5.948,2.39421
2975,5.95,2.4063
2976,5.952,2.41275
2977,5.954,2.39985
2978,5.956,2.39582
2979,5.958,2.39502
2980,5.96,2.40308
2981,5.962,2.40227
2982,5.964,2.40308
2983,5.966,2.40872
2984,5.968,2.41275
2985,5.97,2.40711
2986,5.972,2.4063
2987,5.974,2.41758
2988,5.976,2.42081
2989,5.978,2.42161
2990,5.98,2.40711
2991,5.982,2.40711
2992,5.984,2.39018
2993,5.986,2.38938
2994,5.988,2.3926
2995,5.99,2.39905
2996,5.992,2.39341
2997,5.994,2.39099
2998,5.996,2.37729
2999,5.998,2.38857
3000,6.0,2.38938
3001,6.002,2.38696
3002,6.004,2.37245
3003,6.006,2.38454
3004,6.008,2.3781
3005,6.01,2.38374
3006,6.012,2.39663
3007,6.014,2.39179
3008,6.016,2.3789
3009,6.018,2.38132
3010,6.02,2.38132
3011,6.022,2.39582
3012,6.024,2.39341
3013,6.026,2.38777
3014,6.028,2.38696
3015,6.03,2.39421
3016,6.032,2.39744
3017,6.034,2.41275
3018,6.036,2.40308
3019,6.038,2.40227
3020,6.04,2.39341
3021,6.042,2.39985
3022,6.044,2.40147
3023,6.046,2.39341
3024,6.048,2.39099
3025,6.05,2.39099
3026,6.052,2.39985
3027,6.054,2.41033
3028,6.056,2.40308
3029,6.058,2.40147
3030,6.06,2.39099
3031,6.062,2.39905
3032,6.064,2.3926
3033,6.066,2.38777
3034,6.068,2.39663
3035,6.07,2.40711
3036,6.072,2.40388
3037,6.074,2.41114
3038,6.076,2.41033
3039,6.078,2.40308
3040,6.08,2.39582
3041,6.082,2.37648
3042,6.084,2.39905
3043,6.086,2.39582
3044,6.088,2.4063
3045,6.09,2.37568
3046,6.092,2.38938
3047,6.094,2.38777
3048,6.096,2.37245
3049,6.098,2.3926
3050,6.1,2.3926
3051,6.102,2.3781
3052,6.104,2.3926
3053,6.106,2.38293
3054,6.108,2.39582
3055,6.11,2.38857
3056,6.112,2.38938
3057,6.114,2.38454
3058,6.116,2.38535
3059,6.118,2.3515
3060,6.12,2.39663
3061,6.122,2.39744
3062,6.124,2.39421
3063,6.126,2.38615
3064,6.128,2.39663
3065,6.13,2.3926
3066,6.132,2.39421
3067,6.134,2.38051
3068,6.136,2.38132
3069,6.138,2.36842
3070,6.14,2.36359
3071,6.142,2.3644
3072,6.144,2.36601
3073,6.146,2.37487
3074,6.148,2.37648
3075,6.15,2.37971
3076,6.152,2.39018
3077,6.154,2.3789
3078,6.156,2.38293
3079,6.158,2.38777
3080,6.16,2.39744
3081,6.162,2.40227
3082,6.164,2.4063
3083,6.166,2.40469
3084,6.168,2.39985
3085,6.17,2.41194
3086,6.172,2.41678
3087,6.174,2.41275
3088,6.176,2.42081
3089,6.178,2.42725
3090,6.18,2.42
3091,6.182,2.40952
3092,6.184,2.42484
3093,6.186,2.41919
3094,6.188,2.40872
3095,6.19,2.4063
3096,6.192,2.40227
3097,6.194,2.40388
3098,6.196,2.40227
3099,6.198,2.40227
3100,6.2,2.40549
3101,6.202,2.39582
3102,6.204,2.39663
3103,6.206,2.38938
3104,6.208,2.39663
3105,6.21,2.39824
3106,6.212,2.40952
3107,6.214,2.40952
3108,6.216,2.40872
3109,6.218,2.41275
3110,6.22,2.41033
3111,6.222,2.41275
3112,6.224,2.40227
3113,6.226,2.40952
3114,6.228,2.40469
3115,6.23,2.40227
3116,6.232,2.4063
3117,6.234,2.40711
3118,6.236,2.39018
3119,6.238,2.38777
3120,6.24,2.39502
3121,6.242,2.39179
3122,6.244,2.38938
3123,6.246,2.38696
3124,6.248,2.39663
3125,6.25,2.38454
3126,6.252,2.38615
3127,6.254,2.38615
3128,6.256,2.38615
3129,6.258,2.38696
3130,6.26,2.38857
3131,6.262,2.40227
3132,6.264,2.39341
3133,6.266,2.40952
3134,6.268,2.38938
3135,6.27,2.40066
3136,6.272,2.39663
3137,6.274,2.39744
3138,6.276,2.39341
3139,6.278,2.40227
3140,6.28,2.40711
3141,6.282,2.40872
3142,6.284,2.40388
3143,6.286,2.40872
3144,6.288,2.39905
3145,6.29,2.38374
3146,6.292,2.38696
3147,6.294,2.38696
3148,6.296,2.39018
3149,6.298,2.39018
3150,6.3,2.38696
3151,6.302,2.39018
3152,6.304,2.39582
3153,6.306,2.39744
3154,6.308,2.38535
3155,6.31,2.38454
3156,6.312,2.38777
3157,6.314,2.3926
3158,6.316,2.40066
3159,6.318,2.38938
3160,6.32,2.39663
3161,6.322,2.39582
3162,6.324,2.39985
3163,6.326,2.4063
3164,6.328,2.41919
3165,6.33,2.4063
3166,6.332,2.40952
3167,6.334,2.40711
3168,6.336,2.41275
3169,6.338,2.40711
3170,6.34,2.39744
3171,6.342,2.38696
3172,6.344,2.39502
3173,6.346,2.40147
3174,6.348,2.39744
3175,6.35,2.38777
3176,6.352,2.38938
3177,6.354,2.39099
3178,6.356,2.38777
3179,6.358,2.40066
3180,6.36,2.38696
3181,6.362,2.38696
3182,6.364,2.38938
3183,6.366,2.38051
3184,6.368,2.37648
3185,6.37,2.39018
3186,6.372,2.38615
3187,6.374,2.38535
3188,6.376,2.3926
3189,6.378,2.39179
3190,6.38,2.40308
3191,6.382,2.41516
3192,6.384,2.4063
3193,6.386,2.41516
3194,6.388,2.41355
3195,6.39,2.40791
3196,6.392,2.41919
3197,6.394,2.41919
3198,6.396,2.42081
3199,6.398,2.42161
3200,6.4,2.43289
3201,6.402,2.42242
3202,6.404,2.43289
3203,6.406,2.43048
3204,6.408,2.43853
3205,6.41,2.43531
3206,6.412,2.42484
3207,6.414,2.42806
3208,6.416,2.43048
3209,6.418,2.42806
3210,6.42,2.42725
3211,6.422,2.42806
3212,6.424,2.43209
3213,6.426,2.43209
3214,6.428,2.44176
3215,6.43,2.42967
3216,6.432,2.43773
3217,6.434,2.42886
3218,6.436,2.44256
3219,6.438,2.41597
3220,6.44,2.42403
3221,6.442,2.42161
3222,6.444,2.41275
3223,6.446,2.41758
3224,6.448,2.41194
3225,6.45,2.41033
3226,6.452,2.42564
3227,6.454,2.42081
3228,6.456,2.41597
3229,6.458,2.41033
3230,6.46,2.41919
3231,6.462,2.42725
3232,6.464,2.42322
3233,6.466,2.43612
3234,6.468,2.44256
3235,6.47,2.44821
3236,6.472,2.45385
3237,6.474,2.46432
3238,6.476,2.47077
3239,6.478,2.503
3240,6.48,2.48608
3241,6.482,2.49253
3242,6.484,2.49897
3243,6.486,2.49656
3244,6.488,2.50381
3245,6.49,2.49817
3246,6.492,2.49656
3247,6.494,2.49414
3248,6.496,2.49011
3249,6.498,2.50139
3250,6.5,2.49897
3251,6.502,2.49575
3252,6.504,2.49253
3253,6.506,2.49011
3254,6.508,2.4885
3255,6.51,2.49011
3256,6.512,2.49172
3257,6.514,2.48205
3258,6.516,2.49253
3259,6.518,2.49575
3260,6.52,2.5022
3261,6.522,2.49253
3262,6.524,2.50381
3263,6.526,2.49656
3264,6.528,2.5159
3265,6.53,2.50784
3266,6.532,2.51187
3267,6.534,2.50784
3268,6.536,2.50623
3269,6.538,2.49575
3270,6.54,2.49736
3271,6.542,2.49656
3272,6.544,2.49011
3273,6.546,2.47077
3274,6.548,2.46996
3275,6.55,2.46593
3276,6.552,2.45707
3277,6.554,2.49092
3278,6.556,2.46674
3279,6.558,2.46432
3280,6.56,2.46271
3281,6.562,2.45143
3282,6.564,2.45465
3283,6.566,2.45707
3284,6.568,2.46432
3285,6.57,2.46029
3286,6.572,2.45062
3287,6.574,2.45465
3288,6.576,2.46432
3289,6.578,2.45465
3290,6.58,2.45304
3291,6.582,2.45465
3292,6.584,2.45626
3293,6.586,2.46029
3294,6.588,2.44901
3295,6.59,2.44256
3296,6.592,2.44095
3297,6.594,2.42322
3298,6.596,2.43289
3299,6.598,2.42081
3300,6.6,2.42
3301,6.602,2.43048
3302,6.604,2.42403
3303,6.606,2.42403
3304,6.608,2.40227
3305,6.61,2.38132
3306,6.612,2.3926
3307,6.614,2.40147
3308,6.616,2.40147
3309,6.618,2.38938
3310,6.62,2.39502
3311,6.622,2.40308
3312,6.624,2.40308
3313,6.626,2.40147
3314,6.628,2.40549
3315,6.63,2.39663
3316,6.632,2.39905
3317,6.634,2.39744
3318,6.636,2.39421
3319,6.638,2.39421
3320,6.64,2.38696
3321,6.642,2.37971
3322,6.644,2.38051
3323,6.646,2.36923
3324,6.648,2.37648
3325,6.65,2.37568
3326,6.652,2.36359
3327,6.654,2.36842
3328,6.656,2.37084
3329,6.658,2.35795
3330,6.66,2.36117
3331,6.662,2.36198
3332,6.664,2.37971
3333,6.666,2.36601
3334,6.668,2.37245
3335,6.67,2.35553
3336,6.672,2.3644
3337,6.674,2.36359
3338,6.676,2.37568
3339,6.678,2.37165
3340,6.68,2.37568
3341,6.682,2.37084
3342,6.684,2.37004
3343,6.686,2.36842
3344,6.688,2.36681
3345,6.69,2.39582
3346,6.692,2.35553
3347,6.694,2.36117
3348,6.696,2.36681
3349,6.698,2.35795
3350,6.7,2.35553
3351,6.702,2.36037
3352,6.704,2.35473
3353,6.706,2.35795
3354,6.708,2.35875
3355,6.71,2.35875
3356,6.712,2.35875
3357,6.714,2.36359
3358,6.716,2.36198
3359,6.718,2.37971
3360,6.72,2.3644
3361,6.722,2.3789
3362,6.724,2.37004
3363,6.726,2.36117
3364,6.728,2.36762
3365,6.73,2.38132
3366,6.732,2.38374
3367,6.734,2.37004
3368,6.736,2.37487
3369,6.738,2.36762
3370,6.74,2.37971
3371,6.742,2.38212
3372,6.744,2.39502
3373,6.746,2.37326
3374,6.748,2.37165
3375,6.75,2.36359
3376,6.752,2.3652
3377,6.754,2.3644
3378,6.756,2.36278
3379,6.758,2.36278
3380,6.76,2.36037
3381,6.762,2.36842
3382,6.764,2.37245
3383,6.766,2.36359
3384,6.768,2.36117
3385,6.77,2.38454
3386,6.772,2.37729
3387,6.774,2.38293
3388,6.776,2.38051
3389,6.778,2.37648
3390,6.78,2.38051
3391,6.782,2.38051
3392,6.784,2.39099
3393,6.786,2.38132
3394,6.788,2.37971
3395,6.79,2.38535
3396,6.792,2.39018
3397,6.794,2.38374
3398,6.796,2.37084
3399,6.798,2.37648
3400,6.8,2.38051
3401,6.802,2.37407
3402,6.804,2.36762
3403,6.806,2.36117
3404,6.808,2.35875
3405,6.81,2.35392
3406,6.812,2.35392
3407,6.814,2.34264
3408,6.816,2.35553
3409,6.818,2.34264
3410,6.82,2.34828
3411,6.822,2.34989
3412,6.824,2.3507
3413,6.826,2.36359
3414,6.828,2.35392
3415,6.83,2.36681
3416,6.832,2.36278
3417,6.834,2.35956
3418,6.836,2.36359
3419,6.838,2.37004
3420,6.84,2.37971
3421,6.842,2.37729
3422,6.844,2.37165
3423,6.846,2.38535
3424,6.848,2.37648
3425,6.85,2.37326
3426,6.852,2.36117
3427,6.854,2.35392
3428,6.856,2.36198
3429,6.858,2.36037
3430,6.86,2.3652
3431,6.862,2.36601
3432,6.864,2.37004
3433,6.866,2.38051
3434,6.868,2.38696
3435,6.87,2.38615
3436,6.872,2.39985
3437,6.874,2.42322
3438,6.876,2.44256
3439,6.878,2.4474
3440,6.88,2.43853
3441,6.882,2.43853
3442,6.884,2.43612
3443,6.886,2.44095
3444,6.888,2.44821
3445,6.89,2.43209
3446,6.892,2.44256
3447,6.894,2.44418
3448,6.896,2.46513
3449,6.898,2.49575
3450,6.9,2.53121
3451,6.902,2.54491
3452,6.904,2.57392
3453,6.906,2.58923
3454,6.908,2.61179
3455,6.91,2.64242
3456,6.912,2.6819
3457,6.914,2.71575
3458,6.916,2.7633
3459,6.918,2.82132
3460,6.92,2.88498
3461,6.922,2.94381
3462,6.924,2.99538
3463,6.926,3.07275
3464,6.928,3.14125
3465,6.93,3.19766
3466,6.932,3.20571
3467,6.934,3.21538
3468,6.936,3.2444
3469,6.938,3.27018
3470,6.94,3.28952
3471,6.942,3.3
3472,6.944,3.29597
3473,6.946,3.25407
3474,6.948,3.26132
3475,6.95,3.2726
3476,6.952,3.2315
3477,6.954,3.20249
3478,6.956,3.17187
3479,6.958,3.15011
3480,6.96,3.11546
3481,6.962,3.07194
3482,6.964,2.98491
3483,6.966,2.90513
3484,6.968,2.79875
3485,6.97,2.65934
3486,6.972,2.57392
3487,6.974,2.50945
3488,6.976,2.40469
3489,6.978,2.30073
3490,6.98,2.21612
3491,6.982,2.12586
3492,6.984,2.09766
3493,6.986,2.0622
3494,6.988,1.9937
3495,6.99,1.97597
3496,6.992,1.94615
3497,6.994,1.90989
3498,6.996,1.85993
3499,6.998,1.81963
3500,7.0,1.77773
3501,7.002,1.74469
3502,7.004,1.72535
3503,7.006,1.67136
3504,7.008,1.62623
3505,7.01,1.61736
3506,7.012,1.63831
3507,7.014,1.64154
3508,7.016,1.66652
3509,7.018,1.70601
3510,7.02,1.74388
3511,7.022,1.78337
3512,7.024,1.82608
3513,7.026,1.88974
3514,7.028,1.95099
3515,7.03,1.9937
3516,7.032,2.03722
3517,7.034,2.09604
3518,7.036,2.16212
3519,7.038,2.20886
3520,7.04,2.2959
3521,7.042,2.31846
3522,7.044,2.35795
3523,7.046,2.38132
3524,7.048,2.4063
3525,7.05,2.42564
3526,7.052,2.43048
3527,7.054,2.42725
3528,7.056,2.42886
3529,7.058,2.43048
3530,7.06,2.42161
3531,7.062,2.43853
3532,7.064,2.4474
3533,7.066,2.44498
3534,7.068,2.43773
3535,7.07,2.44256
3536,7.072,2.44821
3537,7.074,2.44015
3538,7.076,2.45707
3539,7.078,2.46755
3540,7.08,2.47158
3541,7.082,2.46916
3542,7.084,2.46432
3543,7.086,2.45707
3544,7.088,2.46432
3545,7.09,2.45788
3546,7.092,2.47319
3547,7.094,2.46674
3548,7.096,2.47077
3549,7.098,2.47963
3550,7.1,2.46996
3551,7.102,2.47641
3552,7.104,2.46271
3553,7.106,2.4756
3554,7.108,2.47238
3555,7.11,2.45949
3556,7.112,2.46271
3557,7.114,2.46271
3558,7.116,2.45868
3559,7.118,2.46593
3560,7.12,2.45707
3561,7.122,2.4619
3562,7.124,2.46755
3563,7.126,2.46916
3564,7.128,2.48125
3565,7.13,2.47319
3566,7.132,2.47399
3567,7.134,2.4893
3568,7.136,2.48286
3569,7.138,2.4885
3570,7.14,2.48527
3571,7.142,2.47963
3572,7.144,2.48447
3573,7.146,2.50864
3574,7.148,2.47883
3575,7.15,2.47963
3576,7.152,2.48205
3577,7.154,2.47238
3578,7.156,2.46755
3579,7.158,2.46029
3580,7.16,2.46352
3581,7.162,2.47399
3582,7.164,2.48044
3583,7.166,2.45949
3584,7.168,2.46916
3585,7.17,2.47238
3586,7.172,2.46755
3587,7.174,2.50703
3588,7.176,2.46916
3589,7.178,2.47158
3590,7.18,2.47802
3591,7.182,2.4748
3592,7.184,2.47722
3593,7.186,2.48366
3594,7.188,2.48447
3595,7.19,2.48769
3596,7.192,2.49656
3597,7.194,2.50462
3598,7.196,2.49736
3599,7.198,2.49011
3600,7.2,2.48769
3601,7.202,2.49172
3602,7.204,2.47883
3603,7.206,2.48366
3604,7.208,2.47963
3605,7.21,2.49414
3606,7.212,2.49575
3607,7.214,2.49575
3608,7.216,2.49333
3609,7.218,2.50462
3610,7.22,2.50139
3611,7.222,2.50462
3612,7.224,2.51187
3613,7.226,2.49978
3614,7.228,2.48608
3615,7.23,2.49011
3616,7.232,2.50139
3617,7.234,2.5159
3618,7.236,2.51348
3619,7.238,2.51832
3620,7.24,2.52396
3621,7.242,2.50945
3622,7.244,2.50462
3623,7.246,2.51348
3624,7.248,2.51348
3625,7.25,2.49333
3626,7.252,2.48769
3627,7.254,2.49172
3628,7.256,2.53363
3629,7.258,2.51509
3630,7.26,2.50945
3631,7.262,2.49575
3632,7.264,2.49253
3633,7.266,2.50542
3634,7.268,2.51993
3635,7.27,2.5159
3636,7.272,2.50864
3637,7.274,2.52396
3638,7.276,2.52879
3639,7.278,2.53524
3640,7.28,2.52234
3641,7.282,2.49414
3642,7.284,2.56667
3643,7.286,2.55458
3644,7.288,2.55619
3645,7.29,2.557
3646,7.292,2.57392
3647,7.294,2.59568
3648,7.296,2.56103
3649,7.298,2.56989
3650,7.3,2.55861
3651,7.302,2.56747
3652,7.304,2.5578
3653,7.306,2.5433
3654,7.308,2.5433
3655,7.31,2.51751
3656,7.312,2.53766
3657,7.314,2.5441
3658,7.316,2.56103
3659,7.318,2.5441
3660,7.32,2.55136
3661,7.322,2.56103
3662,7.324,2.53927
3663,7.326,2.5441
3664,7.328,2.54813
3665,7.33,2.54007
3666,7.332,2.55055
3667,7.334,2.56103
3668,7.336,2.55619
3669,7.338,2.53766
3670,7.34,2.5578
3671,7.342,2.55458
3672,7.344,2.56344
3673,7.346,2.56344
3674,7.348,2.557
3675,7.35,2.56264
3676,7.352,2.57875
3677,7.354,2.5707
3678,7.356,2.55861
3679,7.358,2.57231
3680,7.36,2.5707
3681,7.362,2.57875
3682,7.364,2.57473
3683,7.366,2.57875
3684,7.368,2.56828
3685,7.37,2.56667
3686,7.372,2.56425
3687,7.374,2.56264
3688,7.376,2.57714
3689,7.378,2.58601
3690,7.38,2.60051
3691,7.382,2.59971
3692,7.384,2.58923
3693,7.386,2.59326
3694,7.388,2.59407
3695,7.39,2.60938
3696,7.392,2.60938
3697,7.394,2.62711
3698,7.396,2.61179
3699,7.398,2.58117
3700,7.4,2.60132
3701,7.402,2.60454
3702,7.404,2.59245
3703,7.406,2.59971
3704,7.408,2.60454
3705,7.41,2.6126
3706,7.412,2.60777
3707,7.414,2.60615
3708,7.416,2.61663
3709,7.418,2.60857
3710,7.42,2.61179
3711,7.422,2.62549
3712,7.424,2.62147
3713,7.426,2.62469
3714,7.428,2.62549
3715,7.43,2.63114
3716,7.432,2.64081
3717,7.434,2.64806
3718,7.436,2.64967
3719,7.438,2.64564
3720,7.44,2.63033
3721,7.442,2.63275
3722,7.444,2.64242
3723,7.446,2.64886
3724,7.448,2.65612
3725,7.45,2.67143
3726,7.452,2.63516
3727,7.454,2.63839
3728,7.456,2.64322
3729,7.458,2.64484
3730,7.46,2.64081
3731,7.462,2.64725
3732,7.464,2.65128
3733,7.466,2.64242
3734,7.468,2.63919
3735,7.47,2.64564
3736,7.472,2.65451
3737,7.474,2.65692
3738,7.476,2.67304
3739,7.478,2.65289
3740,7.48,2.65773
3741,7.482,2.67143
3742,7.484,2.66659
3743,7.486,2.67626
3744,7.488,2.67223
3745,7.49,2.67707
3746,7.492,2.66337
3747,7.494,2.68593
3748,7.496,2.68674
3749,7.498,2.68593
3750,7.5,2.69883
3751,7.502,2.69158
3752,7.504,2.71656
3753,7.506,2.69641
3754,7.508,2.70286
3755,7.51,2.69077
3756,7.512,2.6948
3757,7.514,2.6948
3758,7.516,2.68916
3759,7.518,2.69802
3760,7.52,2.70447
3761,7.522,2.70125
3762,7.524,2.7085
3763,7.526,2.71092
3764,7.528,2.73106
3765,7.53,2.74476
3766,7.532,2.73509
3767,7.534,2.74154
3768,7.536,2.74799
3769,7.538,2.74154
3770,7.54,2.75524
3771,7.542,2.75443
3772,7.544,2.75524
3773,7.546,2.75121
3774,7.548,2.75846
3775,7.55,2.7504
3776,7.552,2.7504
3777,7.554,2.75927
3778,7.556,2.77216
3779,7.558,2.76571
3780,7.56,2.78425
3781,7.562,2.7641
3782,7.564,2.75524
3783,7.566,2.74879
3784,7.568,2.73751
3785,7.57,2.74557
3786,7.572,2.76652
3787,7.574,2.76249
3788,7.576,2.75282
3789,7.578,2.75201
3790,7.58,2.76249
3791,7.582,2.76249
3792,7.584,2.76491
3793,7.586,2.76571
3794,7.588,2.77136
3795,7.59,2.76974
3796,7.592,2.78425
3797,7.594,2.77377
3798,7.596,2.77861
3799,7.598,2.78183
3800,7.6,2.78667
3801,7.602,2.78747
3802,7.604,2.78586
3803,7.606,2.79311
3804,7.608,2.78828
3805,7.61,2.76813
3806,7.612,2.76249
3807,7.614,2.75766
3808,7.616,2.74557
3809,7.618,2.76249
3810,7.62,2.76007
3811,7.622,2.76168
3812,7.624,2.75443
3813,7.626,2.76249
3814,7.628,2.76168
3815,7.63,2.76249
3816,7.632,2.76652
3817,7.634,2.77216
3818,7.636,2.77297
3819,7.638,2.77377
3820,7.64,2.78667
3821,7.642,2.7915
3822,7.644,2.79473
3823,7.646,2.78908
3824,7.648,2.78103
3825,7.65,2.77538
3826,7.652,2.77619
3827,7.654,2.77861
3828,7.656,2.77619
3829,7.658,2.77538
3830,7.66,2.77377
3831,7.662,2.76571
3832,7.664,2.78103
3833,7.666,2.76652
3834,7.668,2.75524
3835,7.67,2.76894
3836,7.672,2.7504
3837,7.674,2.75846
3838,7.676,2.7496
3839,7.678,2.75121
3840,7.68,2.75363
3841,7.682,2.74718
3842,7.684,2.7504
3843,7.686,2.75443
3844,7.688,2.75846
3845,7.69,2.75604
3846,7.692,2.73751
3847,7.694,2.74154
3848,7.696,2.74154
3849,7.698,2.73751
3850,7.7,2.73187
3851,7.702,2.73106
3852,7.704,2.72784
3853,7.706,2.72864
3854,7.708,2.71092
3855,7.71,2.70366
3856,7.712,2.69399
3857,7.714,2.68916
3858,7.716,2.6948
3859,7.718,2.68432
3860,7.72,2.68029
3861,7.722,2.67707
3862,7.724,2.68755
3863,7.726,2.67304
3864,7.728,2.67223
3865,7.73,2.66821
3866,7.732,2.66982
3867,7.734,2.66015
3868,7.736,2.64242
3869,7.738,2.6537
3870,7.74,2.65289
3871,7.742,2.64322
3872,7.744,2.65531
3873,7.746,2.66418
3874,7.748,2.64806
3875,7.75,2.65048
3876,7.752,2.64322
3877,7.754,2.63678
3878,7.756,2.62388
3879,7.758,2.61905
3880,7.76,2.61744
3881,7.762,2.60938
3882,7.764,2.60454
3883,7.766,2.60051
3884,7.768,2.58762
3885,7.77,2.59568
3886,7.772,2.58198
3887,7.774,2.58681
3888,7.776,2.57956
3889,7.778,2.56183
3890,7.78,2.58198
3891,7.782,2.56747
3892,7.784,2.56989
3893,7.786,2.56747
3894,7.788,2.56022
3895,7.79,2.55297
3896,7.792,2.56103
3897,7.794,2.55538
3898,7.796,2.55136
3899,7.798,2.53766
3900,7.8,2.53766
3901,7.802,2.52315
3902,7.804,2.52234
3903,7.806,2.53524
3904,7.808,2.52234
3905,7.81,2.50945
3906,7.812,2.50864
3907,7.814,2.49736
3908,7.816,2.50139
3909,7.818,2.49575
3910,7.82,2.48447
3911,7.822,2.48286
3912,7.824,2.46996
3913,7.826,2.48447
3914,7.828,2.47399
3915,7.83,2.47238
3916,7.832,2.4748
3917,7.834,2.47722
3918,7.836,2.48125
3919,7.838,2.4748
3920,7.84,2.48447
3921,7.842,2.47963
3922,7.844,2.47722
3923,7.846,2.47158
3924,7.848,2.46755
3925,7.85,2.44982
3926,7.852,2.45143
3927,7.854,2.44901
3928,7.856,2.42886
3929,7.858,2.44337
3930,7.86,2.42645
3931,7.862,2.4337
3932,7.864,2.43209
3933,7.866,2.42725
3934,7.868,2.43531
3935,7.87,2.43773
3936,7.872,2.43451
3937,7.874,2.42322
3938,7.876,2.43853
3939,7.878,2.42886
3940,7.88,2.43209
3941,7.882,2.42564
3942,7.884,2.41919
3943,7.886,2.42564
3944,7.888,2.42322
3945,7.89,2.46432
3946,7.892,2.43289
3947,7.894,2.43289
3948,7.896,2.43853
3949,7.898,2.43128
3950,7.9,2.42806
3951,7.902,2.43934
3952,7.904,2.43209
3953,7.906,2.42081
3954,7.908,2.42322
3955,7.91,2.42564
3956,7.912,2.41678
3957,7.914,2.41516
3958,7.916,2.41355
3959,7.918,2.43209
3960,7.92,2.43128
3961,7.922,2.42161
3962,7.924,2.42081
3963,7.926,2.42725
3964,7.928,2.41758
3965,7.93,2.41516
3966,7.932,2.42484
3967,7.934,2.42725
3968,7.936,2.42
3969,7.938,2.41758
3970,7.94,2.43209
3971,7.942,2.43128
3972,7.944,2.43209
3973,7.946,2.45062
3974,7.948,2.43289
3975,7.95,2.42806
3976,7.952,2.43209
3977,7.954,2.42403
3978,7.956,2.41194
3979,7.958,2.41194
3980,7.96,2.40227
3981,7.962,2.42161
3982,7.964,2.42564
3983,7.966,2.43048
3984,7.968,2.43773
3985,7.97,2.43128
3986,7.972,2.42967
3987,7.974,2.42806
3988,7.976,2.41194
3989,7.978,2.42322
3990,7.98,2.41355
3991,7.982,2.41597
3992,7.984,2.42403
3993,7.986,2.4063
3994,7.988,2.41758
3995,7.99,2.41436
3996,7.992,2.43289
3997,7.994,2.43451
3998,7.996,2.43128
3999,7.998,2.42
4000,8.0,2.43934
4001,8.002,2.43209
4002,8.004,2.43209
4003,8.006,2.41516
4004,8.008,2.41355
4005,8.01,2.42161
4006,8.012,2.42886
4007,8.014,2.43209
4008,8.016,2.42725
4009,8.018,2.42886
4010,8.02,2.43128
4011,8.022,2.42242
4012,8.024,2.42967
4013,8.026,2.43692
4014,8.028,2.42564
4015,8.03,2.42886
4016,8.032,2.43612
4017,8.034,2.43128
4018,8.036,2.43209
4019,8.038,2.43209
4020,8.04,2.44498
4021,8.042,2.44821
4022,8.044,2.43612
4023,8.046,2.43934
4024,8.048,2.42806
4025,8.05,2.43451
4026,8.052,2.42081
4027,8.054,2.42161
4028,8.056,2.44015
4029,8.058,2.41516
4030,8.06,2.42967
4031,8.062,2.42564
4032,8.064,2.41919
4033,8.066,2.40388
4034,8.068,2.40711
4035,8.07,2.41114
4036,8.072,2.41758
4037,8.074,2.41194
4038,8.076,2.41758
4039,8.078,2.41919
4040,8.08,2.41678
4041,8.082,2.41839
4042,8.084,2.45062
4043,8.086,2.42081
4044,8.088,2.41597
4045,8.09,2.41516
4046,8.092,2.41275
4047,8.094,2.42725
4048,8.096,2.42886
4049,8.098,2.42886
4050,8.1,2.42806
4051,8.102,2.42322
4052,8.104,2.42564
4053,8.106,2.42081
4054,8.108,2.41436
4055,8.11,2.40549
4056,8.112,2.43612
4057,8.114,2.4063
4058,8.116,2.39985
4059,8.118,2.40549
4060,8.12,2.40952
4061,8.122,2.4063
4062,8.124,2.39985
4063,8.126,2.39582
4064,8.128,2.40147
4065,8.13,2.39018
4066,8.132,2.39663
4067,8.134,2.40549
4068,8.136,2.40469
4069,8.138,2.42161
4070,8.14,2.41919
4071,8.142,2.4063
4072,8.144,2.40872
4073,8.146,2.41516
4074,8.148,2.41033
4075,8.15,2.41516
4076,8.152,2.41033
4077,8.154,2.40147
4078,8.156,2.40549
4079,8.158,2.39502
4080,8.16,2.40308
4081,8.162,2.39905
4082,8.164,2.40549
4083,8.166,2.40066
4084,8.168,2.39985
4085,8.17,2.40952
4086,8.172,2.39663
4087,8.174,2.4063
4088,8.176,2.40549
4089,8.178,2.40147
4090,8.18,2.40872
4091,8.182,2.41839
4092,8.184,2.41758
4093,8.186,2.42081
4094,8.188,2.42242
4095,8.19,2.41919
4096,8.192,2.42645
4097,8.194,2.42161
4098,8.196,2.42564
4099,8.198,2.43128
4100,8.2,2.4337
4101,8.202,2.42242
4102,8.204,2.42967
4103,8.206,2.42403
4104,8.208,2.41275
4105,8.21,2.41275
4106,8.212,2.41033
4107,8.214,2.40872
4108,8.216,2.41436
4109,8.218,2.42081
4110,8.22,2.41436
4111,8.222,2.41355
4112,8.224,2.40147
4113,8.226,2.40549
4114,8.228,2.39824
4115,8.23,2.39582
4116,8.232,2.38777
4117,8.234,2.39018
4118,8.236,2.39018
4119,8.238,2.39179
4120,8.24,2.39099
4121,8.242,2.3926
4122,8.244,2.39421
4123,8.246,2.40066
4124,8.248,2.40227
4125,8.25,2.39018
4126,8.252,2.38454
4127,8.254,2.39341
4128,8.256,2.39582
4129,8.258,2.38051
4130,8.26,2.38132
4131,8.262,2.38938
4132,8.264,2.38857
4133,8.266,2.38535
4134,8.268,2.39099
4135,8.27,2.38454
4136,8.272,2.39179
4137,8.274,2.38938
4138,8.276,2.43289
4139,8.278,2.39663
4140,8.28,2.40952
4141,8.282,2.40711
4142,8.284,2.41275
4143,8.286,2.42564
4144,8.288,2.41839
4145,8.29,2.41839
4146,8.292,2.41033
4147,8.294,2.41516
4148,8.296,2.41839
4149,8.298,2.43451
4150,8.3,2.41678
4151,8.302,2.42322
4152,8.304,2.43209
4153,8.306,2.42725
4154,8.308,2.41597
4155,8.31,2.40227
4156,8.312,2.39582
4157,8.314,2.40227
4158,8.316,2.39582
4159,8.318,2.40388
4160,8.32,2.40549
4161,8.322,2.39663
4162,8.324,2.38938
4163,8.326,2.39663
4164,8.328,2.39099
4165,8.33,2.39099
4166,8.332,2.40227
4167,8.334,2.38857
4168,8.336,2.37971
4169,8.338,2.38454
4170,8.34,2.39099
4171,8.342,2.39018
4172,8.344,2.39341
4173,8.346,2.38857
4174,8.348,2.39018
4175,8.35,2.38051
4176,8.352,2.39341
4177,8.354,2.38938
4178,8.356,2.38051
4179,8.358,2.39824
4180,8.36,2.40791
4181,8.362,2.39179
4182,8.364,2.38938
4183,8.366,2.39099
4184,8.368,2.39663
4185,8.37,2.40952
4186,8.372,2.41114
4187,8.374,2.40066
4188,8.376,2.39744
4189,8.378,2.40872
4190,8.38,2.39421
4191,8.382,2.40469
4192,8.384,2.40227
4193,8.386,2.41839
4194,8.388,2.40872
4195,8.39,2.42161
4196,8.392,2.42403
4197,8.394,2.41516
4198,8.396,2.39421
4199,8.398,2.40147
4200,8.4,2.40147
4201,8.402,2.41275
4202,8.404,2.40388
4203,8.406,2.40308
4204,8.408,2.41194
4205,8.41,2.40227
4206,8.412,2.40308
4207,8.414,2.41919
4208,8.416,2.39099
4209,8.418,2.39744
4210,8.42,2.38454
4211,8.422,2.39502
4212,8.424,2.3926
4213,8.426,2.38535
4214,8.428,2.38696
4215,8.43,2.39179
4216,8.432,2.39663
4217,8.434,2.41114
4218,8.436,2.40147
4219,8.438,2.40227
4220,8.44,2.39421
4221,8.442,2.39824
4222,8.444,2.40147
4223,8.446,2.40469
4224,8.448,2.4063
4225,8.45,2.40711
4226,8.452,2.39341
4227,8.454,2.39341
4228,8.456,2.40066
4229,8.458,2.39663
4230,8.46,2.39099
4231,8.462,2.38938
4232,8.464,2.38535
4233,8.466,2.39421
4234,8.468,2.38938
4235,8.47,2.38615
4236,8.472,2.38857
4237,8.474,2.39744
4238,8.476,2.39341
4239,8.478,2.40147
4240,8.48,2.39099
4241,8.482,2.3926
4242,8.484,2.39421
4243,8.486,2.39502
4244,8.488,2.39985
4245,8.49,2.39985
4246,8.492,2.42161
4247,8.494,2.40791
4248,8.496,2.41194
4249,8.498,2.41597
4250,8.5,2.40872
4251,8.502,2.41678
4252,8.504,2.40872
4253,8.506,2.41033
4254,8.508,2.40227
4255,8.51,2.40227
4256,8.512,2.40872
4257,8.514,2.40872
4258,8.516,2.40227
4259,8.518,2.40549
4260,8.52,2.40549
4261,8.522,2.38777
4262,8.524,2.39905
4263,8.526,2.39421
4264,8.528,2.39663
4265,8.53,2.40872
4266,8.532,2.40711
4267,8.534,2.40872
4268,8.536,2.41678
4269,8.538,2.40147
4270,8.54,2.40549
4271,8.542,2.40388
4272,8.544,2.39099
4273,8.546,2.42403
4274,8.548,2.40147
4275,8.55,2.40711
4276,8.552,2.39099
4277,8.554,2.38696
4278,8.556,2.39663
4279,8.558,2.39421
4280,8.56,2.40791
4281,8.562,2.40791
4282,8.564,2.40227
4283,8.566,2.39985
4284,8.568,2.39985
4285,8.57,2.38938
4286,8.572,2.4063
4287,8.574,2.39744
4288,8.576,2.39582
4289,8.578,2.39744
4290,8.58,2.40227
4291,8.582,2.39744
4292,8.584,2.40147
4293,8.586,2.38938
4294,8.588,2.3926
4295,8.59,2.39341
4296,8.592,2.39502
4297,8.594,2.39421
4298,8.596,2.40711
4299,8.598,2.40952
4300,8.6,2.42806
4301,8.602,2.41839
4302,8.604,2.40952
4303,8.606,2.40711
4304,8.608,2.41114
4305,8.61,2.40227
4306,8.612,2.39663
4307,8.614,2.39985
4308,8.616,2.40952
4309,8.618,2.39744
4310,8.62,2.40308
4311,8.622,2.39582
4312,8.624,2.40227
4313,8.626,2.4337
4314,8.628,2.40791
4315,8.63,2.4063
4316,8.632,2.40066
4317,8.634,2.39985
4318,8.636,2.40952
4319,8.638,2.4063
4320,8.64,2.42564
4321,8.642,2.41033
4322,8.644,2.41033
4323,8.646,2.41114
4324,8.648,2.41114
4325,8.65,2.42322
4326,8.652,2.44982
4327,8.654,2.42564
4328,8.656,2.42806
4329,8.658,2.43209
4330,8.66,2.43451
4331,8.662,2.42886
4332,8.664,2.42484
4333,8.666,2.41275
4334,8.668,2.41436
4335,8.67,2.40791
4336,8.672,2.40791
4337,8.674,2.40469
4338,8.676,2.41033
4339,8.678,2.40952
4340,8.68,2.40711
4341,8.682,2.41275
4342,8.684,2.40711
4343,8.686,2.39985
4344,8.688,2.39985
4345,8.69,2.40388
4346,8.692,2.41355
4347,8.694,2.41919
4348,8.696,2.41919
4349,8.698,2.42564
4350,8.7,2.41758
4351,8.702,2.41516
4352,8.704,2.43209
4353,8.706,2.41516
4354,8.708,2.41355
4355,8.71,2.40711
4356,8.712,2.40308
4357,8.714,2.40066
4358,8.716,2.40147
4359,8.718,2.39582
4360,8.72,2.40227
4361,8.722,2.40066
4362,8.724,2.39099
4363,8.726,2.40147
4364,8.728,2.39341
4365,8.73,2.38857
4366,8.732,2.39179
4367,8.734,2.38696
4368,8.736,2.39582
4369,8.738,2.40711
4370,8.74,2.41033
4371,8.742,2.42403
4372,8.744,2.41516
4373,8.746,2.42403
4374,8.748,2.42403
4375,8.75,2.43209
4376,8.752,2.43209
4377,8.754,2.43289
4378,8.756,2.44095
4379,8.758,2.44015
4380,8.76,2.42322
4381,8.762,2.43128
4382,8.764,2.42
4383,8.766,2.42
4384,8.768,2.42403
4385,8.77,2.41436
4386,8.772,2.42
4387,8.774,2.41436
4388,8.776,2.41355
4389,8.778,2.42081
4390,8.78,2.42322
4391,8.782,2.42242
4392,8.784,2.42322
4393,8.786,2.46996
4394,8.788,2.45143
4395,8.79,2.44015
4396,8.792,2.45546
4397,8.794,2.46352
4398,8.796,2.46029
4399,8.798,2.46352
4400,8.8,2.46029
4401,8.802,2.46271
4402,8.804,2.46029
4403,8.806,2.47319
4404,8.808,2.47238
4405,8.81,2.46432
4406,8.812,2.44901
4407,8.814,2.48125
4408,8.816,2.45788
4409,8.818,2.45868
4410,8.82,2.43853
4411,8.822,2.44095
4412,8.824,2.44095
4413,8.826,2.43612
4414,8.828,2.43853
4415,8.83,2.45143
4416,8.832,2.44418
4417,8.834,2.44256
4418,8.836,2.44498
4419,8.838,2.45304
4420,8.84,2.44337
4421,8.842,2.44498
4422,8.844,2.45707
4423,8.846,2.45143
4424,8.848,2.45465
4425,8.85,2.47399
4426,8.852,2.46835
4427,8.854,2.47158
4428,8.856,2.46513
4429,8.858,2.45546
4430,8.86,2.45465
4431,8.862,2.44901
4432,8.864,2.45304
4433,8.866,2.43692
4434,8.868,2.45223
4435,8.87,2.44982
4436,8.872,2.46029
4437,8.874,2.46432
4438,8.876,2.4619
4439,8.878,2.47883
4440,8.88,2.47722
4441,8.882,2.49897
4442,8.884,2.49817
4443,8.886,2.50462
4444,8.888,2.51267
4445,8.89,2.51751
4446,8.892,2.51832
4447,8.894,2.51912
4448,8.896,2.54491
4449,8.898,2.53282
4450,8.9,2.53685
4451,8.902,2.53685
4452,8.904,2.53846
4453,8.906,2.53846
4454,8.908,2.5304
4455,8.91,2.53846
4456,8.912,2.52396
4457,8.914,2.51267
4458,8.916,2.5304
4459,8.918,2.52637
4460,8.92,2.52073
4461,8.922,2.52154
4462,8.924,2.51751
4463,8.926,2.52073
4464,8.928,2.51267
4465,8.93,2.52073
4466,8.932,2.5167
4467,8.934,2.50945
4468,8.936,2.51348
4469,8.938,2.52396
4470,8.94,2.51509
4471,8.942,2.5159
4472,8.944,2.52073
4473,8.946,2.52476
4474,8.948,2.52879
4475,8.95,2.54733
4476,8.952,2.52476
4477,8.954,2.51751
4478,8.956,2.51106
4479,8.958,2.503
4480,8.96,2.503
4481,8.962,2.49978
4482,8.964,2.49575
4483,8.966,2.49253
4484,8.968,2.4885
4485,8.97,2.47963
4486,8.972,2.47963
4487,8.974,2.46674
4488,8.976,2.44901
4489,8.978,2.4893
4490,8.98,2.47399
4491,8.982,2.46755
4492,8.984,2.46432
4493,8.986,2.46593
4494,8.988,2.44579
4495,8.99,2.4619
4496,8.992,2.46674
4497,8.994,2.45868
4498,8.996,2.44901
4499,8.998,2.4474
4500,9.0,2.4611
4501,9.002,2.46029
4502,9.004,2.45626
4503,9.006,2.44982
4504,9.008,2.43853
4505,9.01,2.44095
4506,9.012,2.42564
4507,9.014,2.43128
4508,9.016,2.42806
4509,9.018,2.43209
4510,9.02,2.42161
4511,9.022,2.40872
4512,9.024,2.40549
4513,9.026,2.40227
4514,9.028,2.40872
4515,9.03,2.40711
4516,9.032,2.42242
4517,9.034,2.40952
4518,9.036,2.40711
4519,9.038,2.41033
4520,9.04,2.41839
4521,9.042,2.40469
4522,9.044,2.4063
4523,9.046,2.4063
4524,9.048,2.40147
4525,9.05,2.4063
4526,9.052,2.39744
4527,9.054,2.40952
4528,9.056,2.40388
4529,9.058,2.38938
4530,9.06,2.39744
4531,9.062,2.37971
4532,9.064,2.38374
4533,9.066,2.38938
4534,9.068,2.38696
4535,9.07,2.39421
4536,9.072,2.38615
4537,9.074,2.3926
4538,9.076,2.3789
4539,9.078,2.38535
4540,9.08,2.38454
4541,9.082,2.37487
4542,9.084,2.37971
4543,9.086,2.40952
4544,9.088,2.38293
4545,9.09,2.39099
4546,9.092,2.38293
4547,9.094,2.38938
4548,9.096,2.39744
4549,9.098,2.39421
4550,9.1,2.38777
4551,9.102,2.38696
4552,9.104,2.38454
4553,9.106,2.37487
4554,9.108,2.39341
4555,9.11,2.38938
4556,9.112,2.37971
4557,9.114,2.38132
4558,9.116,2.38535
4559,9.118,2.38293
4560,9.12,2.36842
4561,9.122,2.36842
4562,9.124,2.37245
4563,9.126,2.3652
4564,9.128,2.36762
4565,9.13,2.37971
4566,9.132,2.38293
4567,9.134,2.38293
4568,9.136,2.38696
4569,9.138,2.38938
4570,9.14,2.38615
4571,9.142,2.38777
4572,9.144,2.39018
4573,9.146,2.40227
4574,9.148,2.40549
4575,9.15,2.40147
4576,9.152,2.4063
4577,9.154,2.3926
4578,9.156,2.39905
4579,9.158,2.39985
4580,9.16,2.39502
4581,9.162,2.39582
4582,9.164,2.38857
4583,9.166,2.41194
4584,9.168,2.40308
4585,9.17,2.39582
4586,9.172,2.38696
4587,9.174,2.38535
4588,9.176,2.39018
4589,9.178,2.38615
4590,9.18,2.38132
4591,9.182,2.37648
4592,9.184,2.38857
4593,9.186,2.38454
4594,9.188,2.38696
4595,9.19,2.38857
4596,9.192,2.39905
4597,9.194,2.39341
4598,9.196,2.39341
4599,9.198,2.39341
4600,9.2,2.40227
4601,9.202,2.4063
4602,9.204,2.40388
4603,9.206,2.40791
4604,9.208,2.39985
4605,9.21,2.40227
4606,9.212,2.38696
4607,9.214,2.38696
4608,9.216,2.3926
4609,9.218,2.39341
4610,9.22,2.39985
4611,9.222,2.40469
4612,9.224,2.39905
4613,9.226,2.39421
4614,9.228,2.39502
4615,9.23,2.39663
4616,9.232,2.39905
4617,9.234,2.40308
4618,9.236,2.39744
4619,9.238,2.39985
4620,9.24,2.40549
4621,9.242,2.40147
4622,9.244,2.40147
4623,9.246,2.41436
4624,9.248,2.40549
4625,9.25,2.40872
4626,9.252,2.41194
4627,9.254,2.41194
4628,9.256,2.41678
4629,9.258,2.42081
4630,9.26,2.42725
4631,9.262,2.41678
4632,9.264,2.41839
4633,9.266,2.41919
4634,9.268,2.41678
4635,9.27,2.41516
4636,9.272,2.45385
4637,9.274,2.42806
4638,9.276,2.43451
4639,9.278,2.43209
4640,9.28,2.43209
4641,9.282,2.41919
4642,9.284,2.42806
4643,9.286,2.43209
4644,9.288,2.43773
4645,9.29,2.44256
4646,9.292,2.44982
4647,9.294,2.47641
4648,9.296,2.5022
4649,9.298,2.53443
4650,9.3,2.56183
4651,9.302,2.58923
4652,9.304,2.62066
4653,9.306,2.65612
4654,9.308,2.67949
4655,9.31,2.70608
4656,9.312,2.75282
4657,9.314,2.78908
4658,9.316,2.84711
4659,9.318,2.91158
4660,9.32,2.98249
4661,9.322,3.04696
4662,9.324,3.10256
4663,9.326,3.16381
4664,9.328,3.23231
4665,9.33,3.29597
4666,9.332,3.3
4667,9.334,3.3
4668,9.336,3.3
4669,9.338,3.3
4670,9.34,3.3
4671,9.342,3.3
4672,9.344,3.3
4673,9.346,3.3
4674,9.348,3.3
4675,9.35,3.3
4676,9.352,3.3
4677,9.354,3.3
4678,9.356,3.26212
4679,9.358,3.23795
4680,9.36,3.1896
4681,9.362,3.11304
4682,9.364,2.97201
4683,9.366,2.86403
4684,9.368,2.73106
4685,9.37,2.61099
4686,9.372,2.51348
4687,9.374,2.41678
4688,9.376,2.32007
4689,9.378,2.22498
4690,9.38,2.11538
4691,9.382,2.07026
4692,9.384,2.0356
4693,9.386,1.98967
4694,9.388,1.93165
4695,9.39,1.88249
4696,9.392,1.87685
4697,9.394,1.83656
4698,9.396,1.80674
4699,9.398,1.79949
4700,9.4,1.75758
4701,9.402,1.72535
4702,9.404,1.68022
4703,9.406,1.64637
4704,9.408,1.62542
4705,9.41,1.623
4706,9.412,1.65685
4707,9.414,1.64879
4708,9.416,1.67216
4709,9.418,1.71084
4710,9.42,1.76081
4711,9.422,1.81722
4712,9.424,1.86557
4713,9.426,1.9244
4714,9.428,1.97516
4715,9.43,2.03238
4716,9.432,2.07187
4717,9.434,2.11055
4718,9.436,2.15407
4719,9.438,2.22821
4720,9.44,2.26769
4721,9.442,2.30879
4722,9.444,2.37245
4723,9.446,2.41758
4724,9.448,2.44901
4725,9.45,2.47238
4726,9.452,2.48769
4727,9.454,2.48447
4728,9.456,2.46916
4729,9.458,2.46835
4730,9.46,2.47883
4731,9.462,2.48689
4732,9.464,2.49092
4733,9.466,2.50462
4734,9.468,2.48125
4735,9.47,2.4893
4736,9.472,2.47963
4737,9.474,2.48286
4738,9.476,2.49172
4739,9.478,2.49656
4740,9.48,2.49253
4741,9.482,2.49092
4742,9.484,2.49011
4743,9.486,2.48044
4744,9.488,2.48769
4745,9.49,2.48044
4746,9.492,2.48286
4747,9.494,2.50623
4748,9.496,2.49817
4749,9.498,2.50139
4750,9.5,2.50864
4751,9.502,2.52154
4752,9.504,2.51509
4753,9.506,2.5159
4754,9.508,2.50864
4755,9.51,2.50864
4756,9.512,2.50864
4757,9.514,2.51348
4758,9.516,2.51187
4759,9.518,2.50945
4760,9.52,2.50542
4761,9.522,2.51509
4762,9.524,2.50864
4763,9.526,2.503
4764,9.528,2.49978
4765,9.53,2.49414
4766,9.532,2.49253
4767,9.534,2.49333
4768,9.536,2.49897
4769,9.538,2.49817
4770,9.54,2.49978
4771,9.542,2.49575
4772,9.544,2.5022
4773,9.546,2.50945
4774,9.548,2.50381
4775,9.55,2.50864
4776,9.552,2.51348
4777,9.554,2.51509
4778,9.556,2.52234
4779,9.558,2.51912
4780,9.56,2.52557
4781,9.562,2.52396
4782,9.564,2.51187
4783,9.566,2.50784
4784,9.568,2.50703
4785,9.57,2.50784
4786,9.572,2.50864
4787,9.574,2.50864
4788,9.576,2.50864
4789,9.578,2.53121
4790,9.58,2.51106
4791,9.582,2.52476
4792,9.584,2.51106
4793,9.586,2.50542
4794,9.588,2.49817
4795,9.59,2.51187
4796,9.592,2.51026
4797,9.594,2.5159
4798,9.596,2.51509
4799,9.598,2.50945
4800,9.6,2.52073
4801,9.602,2.52637
4802,9.604,2.53121
4803,9.606,2.53363
4804,9.608,2.53443
4805,9.61,2.53524
4806,9.612,2.53604
4807,9.614,2.53604
4808,9.616,2.53846
4809,9.618,2.5441
4810,9.62,2.55216
4811,9.622,2.55136
4812,9.624,2.55297
4813,9.626,2.54894
4814,9.628,2.54974
4815,9.63,2.54249
4816,9.632,2.55136
4817,9.634,2.55458
4818,9.636,2.55055
4819,9.638,2.54733
4820,9.64,2.557
4821,9.642,2.55458
4822,9.644,2.5441
4823,9.646,2.53927
4824,9.648,2.56103
4825,9.65,2.55619
4826,9.652,2.55458
4827,9.654,2.56103
4828,9.656,2.55619
4829,9.658,2.55055
4830,9.66,2.56103
4831,9.662,2.55861
4832,9.664,2.56747
4833,9.666,2.57473
4834,9.668,2.56747
4835,9.67,2.56989
4836,9.672,2.56586
4837,9.674,2.56667
4838,9.676,2.55216
4839,9.678,2.56425
4840,9.68,2.557
4841,9.682,2.55861
4842,9.684,2.55055
4843,9.686,2.58681
4844,9.688,2.55458
4845,9.69,2.56747
4846,9.692,2.55458
4847,9.694,2.55136
4848,9.696,2.56747
4849,9.698,2.56908
4850,9.7,2.56747
4851,9.702,2.58359
4852,9.704,2.5844
4853,9.706,2.59326
4854,9.708,2.60051
4855,9.71,2.59648
4856,9.712,2.58681
4857,9.714,2.60938
4858,9.716,2.5981
4859,9.718,2.59729
4860,9.72,2.59407
4861,9.722,2.58601
4862,9.724,2.58359
4863,9.726,2.59245
4864,9.728,2.58601
4865,9.73,2.59326
4866,9.732,2.58923
4867,9.734,2.58842
4868,9.736,2.59326
4869,9.738,2.59648
4870,9.74,2.59084
4871,9.742,2.60293
4872,9.744,2.58923
4873,9.746,2.59648
4874,9.748,2.60857
4875,9.75,2.60857
4876,9.752,2.62388
4877,9.754,2.62711
4878,9.756,2.62147
4879,9.758,2.63678
4880,9.76,2.62147
4881,9.762,2.62066
4882,9.764,2.62388
4883,9.766,2.6263
4884,9.768,2.62469
4885,9.77,2.62549
4886,9.772,2.61824
4887,9.774,2.6126
4888,9.776,2.6126
4889,9.778,2.60857
4890,9.78,2.62066
4891,9.782,2.61663
4892,9.784,2.62469
4893,9.786,2.62227
4894,9.788,2.62227
4895,9.79,2.63436
4896,9.792,2.62388
4897,9.794,2.61985
4898,9.796,2.62791
4899,9.798,2.64484
4900,9.8,2.65128
4901,9.802,2.65451
4902,9.804,2.6537
4903,9.806,2.65451
4904,9.808,2.65048
4905,9.81,2.63919
4906,9.812,2.64725
4907,9.814,2.65128
4908,9.816,2.65451
4909,9.818,2.65451
4910,9.82,2.65612
4911,9.822,2.65128
4912,9.824,2.64242
4913,9.826,2.64886
4914,9.828,2.65612
4915,9.83,2.65773
4916,9.832,2.66337
4917,9.834,2.66659
4918,9.836,2.66176
4919,9.838,2.66418
4920,9.84,2.6674
4921,9.842,2.66821
4922,9.844,2.67143
4923,9.846,2.67143
4924,9.848,2.66982
4925,9.85,2.6811
4926,9.852,2.67788
4927,9.854,2.67949
4928,9.856,2.6948
4929,9.858,2.68593
4930,9.86,2.68513
4931,9.862,2.69077
4932,9.864,2.68674
4933,9.866,2.69077
4934,9.868,2.68755
4935,9.87,2.69883
4936,9.872,2.69077
4937,9.874,2.68996
4938,9.876,2.69802
4939,9.878,2.69399
4940,9.88,2.69963
4941,9.882,2.69883
4942,9.884,2.69641
4943,9.886,2.69641
4944,9.888,2.70527
4945,9.89,2.71172
4946,9.892,2.70689
4947,9.894,2.7093
4948,9.896,2.7222
4949,9.898,2.72945
4950,9.9,2.71817
4951,9.902,2.73106
4952,9.904,2.73187
4953,9.906,2.73912
4954,9.908,2.74799
4955,9.91,2.73429
4956,9.912,2.74073
4957,9.914,2.7359
4958,9.916,2.73429
4959,9.918,2.73993
4960,9.92,2.74154
4961,9.922,2.74234
4962,9.924,2.74234
4963,9.926,2.72703
4964,9.928,2.73267
4965,9.93,2.73751
4966,9.932,2.74234
4967,9.934,2.75201
4968,9.936,2.74073
4969,9.938,2.74879
4970,9.94,2.75121
4971,9.942,2.75604
4972,9.944,2.76571
4973,9.946,2.74799
4974,9.948,2.75846
4975,9.95,2.76249
4976,9.952,2.76894
4977,9.954,2.78264
4978,9.956,2.78264
4979,9.958,2.79231
4980,9.96,2.79311
4981,9.962,2.81084
4982,9.964,2.79231
4983,9.966,2.7915
4984,9.968,2.80037
4985,9.97,2.79311
4986,9.972,2.80278
4987,9.974,2.80117
4988,9.976,2.80117
4989,9.978,2.79231
4990,9.98,2.79795
4991,9.982,2.79311
4992,9.984,2.79714
4993,9.986,2.79634
4994,9.988,2.81004
4995,9.99,2.80601
4996,9.992,2.80681
4997,9.994,2.79714
4998,9.996,2.80198
4999,9.998,2.80278
5000,10.0,2.81004
5001,10.002,2.81165
5002,10.004,2.81326
5003,10.006,2.81245
5004,10.008,2.80681
5005,10.01,2.81004
5006,10.012,2.81004
5007,10.014,2.80601
5008,10.016,2.8189
5009,10.018,2.84952
5010,10.02,2.82535
5011,10.022,2.81326
5012,10.024,3.05179
5013,10.026,2.79795
5014,10.028,2.79473
5015,10.03,2.78425
5016,10.032,2.80198
5017,10.034,2.80278
5018,10.036,2.8052
5019,10.038,2.80923
5020,10.04,2.80601
5021,10.042,2.80278
5022,10.044,2.81326
5023,10.046,2.83421
5024,10.048,2.79311
5025,10.05,2.80037
5026,10.052,2.8052
5027,10.054,2.80359
5028,10.056,2.81245
5029,10.058,2.79956
5030,10.06,2.79795
5031,10.062,2.79473
5032,10.064,2.79553
5033,10.066,2.79956
5034,10.068,2.79956
5035,10.07,2.78908
5036,10.072,2.79311
5037,10.074,2.80359
5038,10.076,2.77297
5039,10.078,2.76733
5040,10.08,2.76974
5041,10.082,2.76733
5042,10.084,2.7641
5043,10.086,2.77297
5044,10.088,2.76249
5045,10.09,2.77297
5046,10.092,2.76491
5047,10.094,2.77136
5048,10.096,2.76733
5049,10.098,2.77458
5050,10.1,2.80037
5051,10.102,2.77377
5052,10.104,2.75604
5053,10.106,2.76007
5054,10.108,2.76652
5055,10.11,2.7641
5056,10.112,2.76974
5057,10.114,2.7633
5058,10.116,2.75363
5059,10.118,2.73832
5060,10.12,2.73348
5061,10.122,2.73026
5062,10.124,2.72623
5063,10.126,2.72864
5064,10.128,2.72542
5065,10.13,2.71656
5066,10.132,2.71172
5067,10.134,2.70286
5068,10.136,2.68916
5069,10.138,2.68996
5070,10.14,2.69077
5071,10.142,2.68513
5072,10.144,2.67062
5073,10.146,2.67949
5074,10.148,2.67788
5075,10.15,2.67304
5076,10.152,2.67062
5077,10.154,2.66337
5078,10.156,2.67546
5079,10.158,2.65934
5080,10.16,2.65128
5081,10.162,2.65612
5082,10.164,2.64484
5083,10.166,2.64
5084,10.168,2.64886
5085,10.17,2.63194
5086,10.172,2.62227
5087,10.174,2.6263
5088,10.176,2.61985
5089,10.178,2.61341
5090,10.18,2.5989
5091,10.182,2.59648
5092,10.184,2.58923
5093,10.186,2.59084
5094,10.188,2.58762
5095,10.19,2.58601
5096,10.192,2.58278
5097,10.194,2.58762
5098,10.196,2.57956
5099,10.198,2.58117
5100,10.2,2.57392
5101,10.202,2.57714
5102,10.204,2.56828
5103,10.206,2.57392
5104,10.208,2.56667
5105,10.21,2.56747
5106,10.212,2.56989
5107,10.214,2.55861
5108,10.216,2.54733
5109,10.218,2.5441
5110,10.22,2.5433
5111,10.222,2.53604
5112,10.224,2.53443
5113,10.226,2.52476
5114,10.228,2.52879
5115,10.23,2.52073
5116,10.232,2.51832
5117,10.234,2.5167
5118,10.236,2.50059
5119,10.238,2.503
5120,10.24,2.49414
5121,10.242,2.50462
5122,10.244,2.50139
5123,10.246,2.49253
5124,10.248,2.49333
5125,10.25,2.48366
5126,10.252,2.49011
5127,10.254,2.48689
5128,10.256,2.48366
5129,10.258,2.47722
5130,10.26,2.48447
5131,10.262,2.48608
5132,10.264,2.47963
5133,10.266,2.51509
5134,10.268,2.48447
5135,10.27,2.47802
5136,10.272,2.45143
5137,10.274,2.48608
5138,10.276,2.4748
5139,10.278,2.46352
5140,10.28,2.46674
5141,10.282,2.46029
5142,10.284,2.46674
5143,10.286,2.46674
5144,10.288,2.46996
5145,10.29,2.4619
5146,10.292,2.4619
5147,10.294,2.49656
5148,10.296,2.46432
5149,10.298,2.46593
5150,10.3,2.44015
5151,10.302,2.45062
5152,10.304,2.45626
5153,10.306,2.46593
5154,10.308,2.47399
5155,10.31,2.47722
5156,10.312,2.46916
5157,10.314,2.4748
5158,10.316,2.47319
5159,10.318,2.47641
5160,10.32,2.47399
5161,10.322,2.49736
5162,10.324,2.45868
5163,10.326,2.45626
5164,10.328,2.45546
5165,10.33,2.46755
5166,10.332,2.45385
5167,10.334,2.46352
5168,10.336,2.45223
5169,10.338,2.45062
5170,10.34,2.45385
5171,10.342,2.44821
5172,10.344,2.45868
5173,10.346,2.45465
5174,10.348,2.45304
5175,10.35,2.44901
5176,10.352,2.44821
5177,10.354,2.44418
5178,10.356,2.45143
5179,10.358,2.46352
5180,10.36,2.45143
5181,10.362,2.45062
5182,10.364,2.4619
5183,10.366,2.45788
5184,10.368,2.47077
5185,10.37,2.45546
5186,10.372,2.45868
5187,10.374,2.4611
5188,10.376,2.48769
5189,10.378,2.45788
5190,10.38,2.46593
5191,10.382,2.45062
5192,10.384,2.44498
5193,10.386,2.44498
5194,10.388,2.44176
5195,10.39,2.43612
5196,10.392,2.45062
5197,10.394,2.44095
5198,10.396,2.44337
5199,10.398,2.43692
5200,10.4,2.43209
5201,10.402,2.43612
5202,10.404,2.44821
5203,10.406,2.45788
5204,10.408,2.46352
5205,10.41,2.45949
5206,10.412,2.46593
5207,10.414,2.46916
5208,10.416,2.46916
5209,10.418,2.46674
5210,10.42,2.46835
5211,10.422,2.46029
5212,10.424,2.46352
5213,10.426,2.46513
5214,10.428,2.46432
5215,10.43,2.46916
5216,10.432,2.45868
5217,10.434,2.45546
5218,10.436,2.46432
5219,10.438,2.46432
5220,10.44,2.4619
5221,10.442,2.46674
5222,10.444,2.46916
5223,10.446,2.46996
5224,10.448,2.4611
5225,10.45,2.46029
5226,10.452,2.46755
5227,10.454,2.47077
5228,10.456,2.45546
5229,10.458,2.47883
5230,10.46,2.46352
5231,10.462,2.45868
5232,10.464,2.46432
5233,10.466,2.45304
5234,10.468,2.45788
5235,10.47,2.46271
5236,10.472,2.45143
5237,10.474,2.4474
5238,10.476,2.44659
5239,10.478,2.44015
5240,10.48,2.44498
5241,10.482,2.42564
5242,10.484,2.4337
5243,10.486,2.43048
5244,10.488,2.42403
5245,10.49,2.42886
5246,10.492,2.42564
5247,10.494,2.42806
5248,10.496,2.43128
5249,10.498,2.44176
5250,10.5,2.44579
5251,10.502,2.45062
5252,10.504,2.45385
5253,10.506,2.46352
5254,10.508,2.46755
5255,10.51,2.46432
5256,10.512,2.45385
5257,10.514,2.46271
5258,10.516,2.45788
5259,10.518,2.45868
5260,10.52,2.47883
5261,10.522,2.48044
5262,10.524,2.46916
5263,10.526,2.47158
5264,10.528,2.46271
5265,10.53,2.46755
5266,10.532,2.45304
5267,10.534,2.45223
5268,10.536,2.45465
5269,10.538,2.45707
5270,10.54,2.45223
5271,10.542,2.44982
5272,10.544,2.45385
5273,10.546,2.46674
5274,10.548,2.45385
5275,10.55,2.45788
5276,10.552,2.44982
5277,10.554,2.44821
5278,10.556,2.45304
5279,10.558,2.45868
5280,10.56,2.45546
5281,10.562,2.43531
5282,10.564,2.45546
5283,10.566,2.45788
5284,10.568,2.45868
5285,10.57,2.45788
5286,10.572,2.45626
5287,10.574,2.45143
5288,10.576,2.45465
5289,10.578,2.45223
5290,10.58,2.45385
5291,10.582,2.44498
5292,10.584,2.42161
5293,10.586,2.42564
5294,10.588,2.42322
5295,10.59,2.42645
5296,10.592,2.42322
5297,10.594,2.42322
5298,10.596,2.41839
5299,10.598,2.42403
5300,10.6,2.41597
5301,10.602,2.42403
5302,10.604,2.42
5303,10.606,2.42161
5304,10.608,2.42403
5305,10.61,2.43048
5306,10.612,2.43128
5307,10.614,2.43209
5308,10.616,2.42967
5309,10.618,2.42806
5310,10.62,2.42886
5311,10.622,2.43289
5312,10.624,2.42645
5313,10.626,2.43289
5314,10.628,2.42
5315,10.63,2.42725
5316,10.632,2.41516
5317,10.634,2.42161
5318,10.636,2.43128
5319,10.638,2.42564
5320,10.64,2.42806
5321,10.642,2.41839
5322,10.644,2.42242
5323,10.646,2.43289
5324,10.648,2.43531
5325,10.65,2.43209
5326,10.652,2.42645
5327,10.654,2.43531
5328,10.656,2.43612
5329,10.658,2.43209
5330,10.66,2.44418
5331,10.662,2.44176
5332,10.664,2.43451
5333,10.666,2.44176
5334,10.668,2.44095
5335,10.67,2.44256
5336,10.672,2.43934
5337,10.674,2.43048
5338,10.676,2.42886
5339,10.678,2.42161
5340,10.68,2.42
5341,10.682,2.41839
5342,10.684,2.42403
5343,10.686,2.40711
5344,10.688,2.41033
5345,10.69,2.39502
5346,10.692,2.39905
5347,10.694,2.40147
5348,10.696,2.40872
5349,10.698,2.41114
5350,10.7,2.40147
5351,10.702,2.40549
5352,10.704,2.41839
5353,10.706,2.41194
5354,10.708,2.42081
5355,10.71,2.4337
5356,10.712,2.41758
5357,10.714,2.41839
5358,10.716,2.42725
5359,10.718,2.42886
5360,10.72,2.42322
5361,10.722,2.42403
5362,10.724,2.42242
5363,10.726,2.41839
5364,10.728,2.42161
5365,10.73,2.42
5366,10.732,2.42081
5367,10.734,2.41033
5368,10.736,2.41194
5369,10.738,2.40388
5370,10.74,2.40549
5371,10.742,2.40872
5372,10.744,2.40952
5373,10.746,2.41033
5374,10.748,2.41033
5375,10.75,2.41275
5376,10.752,2.40388
5377,10.754,2.41033
5378,10.756,2.40147
5379,10.758,2.41355
5380,10.76,2.4063
5381,10.762,2.41436
5382,10.764,2.42484
5383,10.766,2.41839
5384,10.768,2.41275
5385,10.77,2.41194
5386,10.772,2.40549
5387,10.774,2.41758
5388,10.776,2.41436
5389,10.778,2.4063
5390,10.78,2.41275
5391,10.782,2.40147
5392,10.784,2.40388
5393,10.786,2.39421
5394,10.788,2.40549
5395,10.79,2.40147
5396,10.792,2.40469
5397,10.794,2.40147
5398,10.796,2.40147
5399,10.798,2.40147
5400,10.8,2.40388
5401,10.802,2.40791
5402,10.804,2.40227
5403,10.806,2.41275
5404,10.808,2.42484
5405,10.81,2.41597
5406,10.812,2.41758
5407,10.814,2.41758
5408,10.816,2.41919
5409,10.818,2.42725
5410,10.82,2.42806
5411,10.822,2.42161
5412,10.824,2.43451
5413,10.826,2.43289
5414,10.828,2.42322
5415,10.83,2.42725
5416,10.832,2.4337
5417,10.834,2.42886
5418,10.836,2.42725
5419,10.838,2.40872
5420,10.84,2.42
5421,10.842,2.41597
5422,10.844,2.40952
5423,10.846,2.42242
5424,10.848,2.41758
5425,10.85,2.43209
5426,10.852,2.42081
5427,10.854,2.42
5428,10.856,2.42725
5429,10.858,2.42886
5430,10.86,2.43612
5431,10.862,2.42806
5432,10.864,2.42564
5433,10.866,2.42806
5434,10.868,2.42564
5435,10.87,2.42322
5436,10.872,2.41033
5437,10.874,2.41919
5438,10.876,2.39985
5439,10.878,2.38615
5440,10.88,2.39502
5441,10.882,2.40388
5442,10.884,2.41033
5443,10.886,2.41678
5444,10.888,2.42564
5445,10.89,2.41114
5446,10.892,2.40952
5447,10.894,2.40549
5448,10.896,2.39099
5449,10.898,2.38938
5450,10.9,2.40711
5451,10.902,2.40549
5452,10.904,2.40711
5453,10.906,2.42
5454,10.908,2.40388
5455,10.91,2.40711
5456,10.912,2.42403
5457,10.914,2.41516
5458,10.916,2.42403
5459,10.918,2.42564
5460,10.92,2.43209
5461,10.922,2.42725
5462,10.924,2.42161
5463,10.926,2.42886
5464,10.928,2.43209
5465,10.93,2.43128
5466,10.932,2.41839
5467,10.934,2.42081
5468,10.936,2.41919
5469,10.938,2.41516
5470,10.94,2.42081
5471,10.942,2.42806
5472,10.944,2.43209
5473,10.946,2.42161
5474,10.948,2.40711
5475,10.95,2.41275
5476,10.952,2.41355
5477,10.954,2.42242
5478,10.956,2.42403
5479,10.958,2.43773
5480,10.96,2.42886
5481,10.962,2.43531
5482,10.964,2.44176
5483,10.966,2.43451
5484,10.968,2.43612
5485,10.97,2.43612
5486,10.972,2.44901
5487,10.974,2.42967
5488,10.976,2.42886
5489,10.978,2.42967
5490,10.98,2.43773
5491,10.982,2.43209
5492,10.984,2.43289
5493,10.986,2.42
5494,10.988,2.41678
5495,10.99,2.42806
5496,10.992,2.43289
5497,10.994,2.42
5498,10.996,2.42161
5499,10.998,2.41436
5500,11.0,2.42403
5501,11.002,2.41516
5502,11.004,2.42081
5503,11.006,2.41678
5504,11.008,2.41839
5505,11.01,2.42484
5506,11.012,2.42967
5507,11.014,2.42725
5508,11.016,2.42806
5509,11.018,2.43853
5510,11.02,2.43531
5511,11.022,2.44579
5512,11.024,2.42645
5513,11.026,2.42645
5514,11.028,2.43128
5515,11.03,2.41839
5516,11.032,2.42403
5517,11.034,2.42161
5518,11.036,2.42242
5519,11.038,2.41919
5520,11.04,2.41758
5521,11.042,2.41516
5522,11.044,2.42242
5523,11.046,2.42645
5524,11.048,2.40388
5525,11.05,2.41355
5526,11.052,2.40952
5527,11.054,2.43048
5528,11.056,2.41033
5529,11.058,2.43209
5530,11.06,2.41758
5531,11.062,2.42161
5532,11.064,2.42403
5533,11.066,2.42564
5534,11.068,2.42564
5535,11.07,2.42322
5536,11.072,2.43612
5537,11.074,2.42806
5538,11.076,2.42322
5539,11.078,2.43128
5540,11.08,2.42081
5541,11.082,2.42725
5542,11.084,2.42
5543,11.086,2.41758
5544,11.088,2.41033
5545,11.09,2.41678
5546,11.092,2.42403
5547,11.094,2.42484
5548,11.096,2.41919
5549,11.098,2.42161
5550,11.1,2.42322
5551,11.102,2.42484
5552,11.104,2.43128
5553,11.106,2.42806
5554,11.108,2.43289
5555,11.11,2.42886
5556,11.112,2.42322
5557,11.114,2.42725
5558,11.116,2.43209
5559,11.118,2.43692
5560,11.12,2.44095
5561,11.122,2.45062
5562,11.124,2.43451
5563,11.126,2.42725
5564,11.128,2.43612
5565,11.13,2.42322
5566,11.132,2.40872
5567,11.134,2.39985
5568,11.136,2.41436
5569,11.138,2.40147
5570,11.14,2.40469
5571,11.142,2.40872
5572,11.144,2.41678
5573,11.146,2.41114
5574,11.148,2.41033
5575,11.15,2.41919
5576,11.152,2.42242
5577,11.154,2.42645
5578,11.156,2.42967
5579,11.158,2.42
5580,11.16,2.43209
5581,11.162,2.43853
5582,11.164,2.44176
5583,11.166,2.43531
5584,11.168,2.42886
5585,11.17,2.44337
5586,11.172,2.44015
5587,11.174,2.44901
5588,11.176,2.44015
5589,11.178,2.44418
5590,11.18,2.44256
5591,11.182,2.45304
5592,11.184,2.45385
5593,11.186,2.45788
5594,11.188,2.45788
5595,11.19,2.46432
5596,11.192,2.4619
5597,11.194,2.45626
5598,11.196,2.44982
5599,11.198,2.44015
5600,11.2,2.45546
5601,11.202,2.45385
5602,11.204,2.46593
5603,11.206,2.47158
5604,11.208,2.46432
5605,11.21,2.47399
5606,11.212,2.46674
5607,11.214,2.46996
5608,11.216,2.47077
5609,11.218,2.47963
5610,11.22,2.46674
5611,11.222,2.4611
5612,11.224,2.4748
5613,11.226,2.46593
5614,11.228,2.46593
5615,11.23,2.45788
5616,11.232,2.45788
5617,11.234,2.44498
5618,11.236,2.44256
5619,11.238,2.44337
5620,11.24,2.44901
5621,11.242,2.44659
5622,11.244,2.44176
5623,11.246,2.45143
5624,11.248,2.45707
5625,11.25,2.46029
5626,11.252,2.46996
5627,11.254,2.45385
5628,11.256,2.45062
5629,11.258,2.45465
5630,11.26,2.45546
5631,11.262,2.45223
5632,11.264,2.45949
5633,11.266,2.46996
5634,11.268,2.4756
5635,11.27,2.4885
5636,11.272,2.49575
5637,11.274,2.50139
5638,11.276,2.49897
5639,11.278,2.52073
5640,11.28,2.53443
5641,11.282,2.53201
5642,11.284,2.52879
5643,11.286,2.51026
5644,11.288,2.52315
5645,11.29,2.5167
5646,11.292,2.52718
5647,11.294,2.52799
5648,11.296,2.52234
5649,11.298,2.5304
5650,11.3,2.53604
5651,11.302,2.53524
5652,11.304,2.54169
5653,11.306,2.53121
5654,11.308,2.52799
5655,11.31,2.53604
5656,11.312,2.52879
5657,11.314,2.53121
5658,11.316,2.53846
5659,11.318,2.5441
5660,11.32,2.5304
5661,11.322,2.52879
5662,11.324,2.53766
5663,11.326,2.53121
5664,11.328,2.5304
5665,11.33,2.53201
5666,11.332,2.5296
5667,11.334,2.5296
5668,11.336,2.53121
5669,11.338,2.53766
5670,11.34,2.5296
5671,11.342,2.52154
5672,11.344,2.52234
5673,11.346,2.51267
5674,11.348,2.51993
5675,11.35,2.503
5676,11.352,2.50945
5677,11.354,2.5022
5678,11.356,2.47963
5679,11.358,2.4893
5680,11.36,2.49495
5681,11.362,2.50945
5682,11.364,2.51026
5683,11.366,2.50784
5684,11.368,2.49817
5685,11.37,2.48608
5686,11.372,2.49656
5687,11.374,2.50542
5688,11.376,2.49656
5689,11.378,2.49333
5690,11.38,2.48286
5691,11.382,2.4748
5692,11.384,2.46916
5693,11.386,2.46432
5694,11.388,2.46674
5695,11.39,2.46271
5696,11.392,2.46432
5697,11.394,2.46593
5698,11.396,2.46432
5699,11.398,2.45788
5700,11.4,2.45949
5701,11.402,2.46352
5702,11.404,2.45223
5703,11.406,2.44176
5704,11.408,2.44498
5705,11.41,2.44337
5706,11.412,2.44337
5707,11.414,2.44337
5708,11.416,2.45062
5709,11.418,2.44015
5710,11.42,2.43773
5711,11.422,2.43853
5712,11.424,2.43692
5713,11.426,2.43128
5714,11.428,2.43934
5715,11.43,2.42725
5716,11.432,2.41355
5717,11.434,2.41516
5718,11.436,2.40952
5719,11.438,2.39985
5720,11.44,2.39905
5721,11.442,2.39018
5722,11.444,2.38293
5723,11.446,2.38132
5724,11.448,2.3789
5725,11.45,2.36359
5726,11.452,2.37326
5727,11.454,2.38132
5728,11.456,2.37648
5729,11.458,2.39502
5730,11.46,2.38938
5731,11.462,2.39018
5732,11.464,2.39663
5733,11.466,2.4063
5734,11.468,2.39985
5735,11.47,2.40388
5736,11.472,2.41114
5737,11.474,2.40308
5738,11.476,2.39421
5739,11.478,2.40147
5740,11.48,2.39905
5741,11.482,2.39421
5742,11.484,2.39421
5743,11.486,2.38696
5744,11.488,2.39018
5745,11.49,2.39018
5746,11.492,2.38615
5747,11.494,2.39099
5748,11.496,2.39099
5749,11.498,2.39341
5750,11.5,2.38857
5751,11.502,2.37648
5752,11.504,2.37487
5753,11.506,2.38615
5754,11.508,2.38696
5755,11.51,2.39099
5756,11.512,2.38938
5757,11.514,2.38938
5758,11.516,2.39018
5759,11.518,2.38535
5760,11.52,2.39018
5761,11.522,2.39018
5762,11.524,2.38938
5763,11.526,2.39985
5764,11.528,2.40147
5765,11.53,2.39824
5766,11.532,2.38696
5767,11.534,2.38615
5768,11.536,2.38615
5769,11.538,2.38696
5770,11.54,2.38696
5771,11.542,2.38615
5772,11.544,2.38454
5773,11.546,2.3789
5774,11.548,2.36762
5775,11.55,2.37245
5776,11.552,2.38293
5777,11.554,2.38293
5778,11.556,2.37648
5779,11.558,2.38777
5780,11.56,2.38777
5781,11.562,2.39582
5782,11.564,2.39502
5783,11.566,2.40952
5784,11.568,2.39744
5785,11.57,2.39582
5786,11.572,2.40227
5787,11.574,2.40227
5788,11.576,2.40952
5789,11.578,2.40147
5790,11.58,2.41758
5791,11.582,2.40549
5792,11.584,2.39824
5793,11.586,2.39018
5794,11.588,2.39663
5795,11.59,2.39341
5796,11.592,2.39663
5797,11.594,2.39985
5798,11.596,2.38857
5799,11.598,2.3926
5800,11.6,2.38212
5801,11.602,2.38293
5802,11.604,2.3926
5803,11.606,2.38938
5804,11.608,2.39905
5805,11.61,2.40147
5806,11.612,2.40066
5807,11.614,2.40711
5808,11.616,2.39744
5809,11.618,2.40388
5810,11.62,2.39663
5811,11.622,2.39744
5812,11.624,2.39663
5813,11.626,2.40469
5814,11.628,2.40711
5815,11.63,2.39744
5816,11.632,2.40227
5817,11.634,2.40227
5818,11.636,2.40872
5819,11.638,2.39341
5820,11.64,2.38696
5821,11.642,2.39663
5822,11.644,2.40711
5823,11.646,2.40469
5824,11.648,2.39341
5825,11.65,2.40388
5826,11.652,2.39985
5827,11.654,2.40066
5828,11.656,2.39985
5829,11.658,2.39341
5830,11.66,2.40147
5831,11.662,2.40066
5832,11.664,2.41597
5833,11.666,2.41678
5834,11.668,2.42886
5835,11.67,2.44256
5836,11.672,2.46029
5837,11.674,2.47077
5838,11.676,2.46835
5839,11.678,2.46674
5840,11.68,2.45385
5841,11.682,2.46432
5842,11.684,2.46916
5843,11.686,2.46029
5844,11.688,2.46916
5845,11.69,2.47158
5846,11.692,2.49092
5847,11.694,2.51348
5848,11.696,2.54894
5849,11.698,2.57714
5850,11.7,2.58278
5851,11.702,2.59084
5852,11.704,2.63194
5853,11.706,2.66015
5854,11.708,2.69883
5855,11.71,2.74879
5856,11.712,2.8052
5857,11.714,2.86161
5858,11.716,2.9293
5859,11.718,2.99538
5860,11.72,3.04857
5861,11.722,3.11626
5862,11.724,3.1767
5863,11.726,3.25648
5864,11.728,3.29597
5865,11.73,3.29919
5866,11.732,3.3
5867,11.734,3.3
5868,11.736,3.3
5869,11.738,3.3
5870,11.74,3.3
5871,11.742,3.3
5872,11.744,3.3
5873,11.746,3.3
5874,11.748,3.3
5875,11.75,3.29839
5876,11.752,3.25971
5877,11.754,3.22828
5878,11.756,3.2033
5879,11.758,3.16945
5880,11.76,3.07678
5881,11.762,2.97201
5882,11.764,2.87773
5883,11.766,2.74557
5884,11.768,2.62066
5885,11.77,2.53363
5886,11.772,2.43048
5887,11.774,2.33861
5888,11.776,2.21531
5889,11.778,2.10733
5890,11.78,2.05817
5891,11.782,2.03158
5892,11.784,1.97033
5893,11.786,1.90103
5894,11.788,1.87363
5895,11.79,1.84784
5896,11.792,1.8148
5897,11.794,1.79385
5898,11.796,1.78418
5899,11.798,1.75516
5900,11.8,1.72938
5901,11.802,1.67458
5902,11.804,1.63267
5903,11.806,1.60689
5904,11.808,1.60125
5905,11.81,1.63267
5906,11.812,1.65685
5907,11.814,1.69553
5908,11.816,1.75516
5909,11.818,1.80271
5910,11.82,1.85429
5911,11.822,1.91956
5912,11.824,1.96952
5913,11.826,2.04044
5914,11.828,2.07026
5915,11.83,2.1033
5916,11.832,2.15487
5917,11.834,2.20403
5918,11.836,2.25802
5919,11.838,2.30718
5920,11.84,2.34989
5921,11.842,2.40791
5922,11.844,2.43853
5923,11.846,2.45707
5924,11.848,2.48286
5925,11.85,2.47963
5926,11.852,2.47641
5927,11.854,2.46432
5928,11.856,2.46352
5929,11.858,2.4748
5930,11.86,2.4756
5931,11.862,2.47722
5932,11.864,2.47238
5933,11.866,2.47963
5934,11.868,2.48366
5935,11.87,2.48689
5936,11.872,2.49253
5937,11.874,2.49656
5938,11.876,2.51026
5939,11.878,2.50864
5940,11.88,2.50945
5941,11.882,2.51026
5942,11.884,2.49897
5943,11.886,2.50462
5944,11.888,2.51267
5945,11.89,2.49897
5946,11.892,2.49897
5947,11.894,2.49253
5948,11.896,2.49172
5949,11.898,2.4893
5950,11.9,2.50703
5951,11.902,2.50462
5952,11.904,2.48689
5953,11.906,2.49575
5954,11.908,2.50059
5955,11.91,2.49172
5956,11.912,2.4893
5957,11.914,2.49978
5958,11.916,2.49897
5959,11.918,2.50864
5960,11.92,2.50059
5961,11.922,2.49817
5962,11.924,2.49656
5963,11.926,2.49978
5964,11.928,2.50462
5965,11.93,2.51026
5966,11.932,2.50462
5967,11.934,2.51267
5968,11.936,2.49656
5969,11.938,2.49897
5970,11.94,2.49495
5971,11.942,2.49253
5972,11.944,2.48366
5973,11.946,2.49172
5974,11.948,2.49575
5975,11.95,2.5022
5976,11.952,2.49575
5977,11.954,2.49011
5978,11.956,2.49333
5979,11.958,2.49092
5980,11.96,2.51751
5981,11.962,2.51187
5982,11.964,2.51912
5983,11.966,2.5159
5984,11.968,2.5167
5985,11.97,2.52718
5986,11.972,2.52154
5987,11.974,2.5296
5988,11.976,2.5296
5989,11.978,2.5441
5990,11.98,2.52476
5991,11.982,2.52476
5992,11.984,2.53363
5993,11.986,2.51912
5994,11.988,2.52879
5995,11.99,2.50542
5996,11.992,2.51267
5997,11.994,2.51187
5998,11.996,2.52073
5999,11.998,2.51912
6000,12.0,2.48044
6001,12.002,2.51832
6002,12.004,2.53121
6003,12.006,2.51348
6004,12.008,2.52154
6005,12.01,2.53201
6006,12.012,2.53443
6007,12.014,2.52476
6008,12.016,2.53766
6009,12.018,2.53201
6010,12.02,2.54007
6011,12.022,2.53927
6012,12.024,2.54249
6013,12.026,2.54813
6014,12.028,2.55297
6015,12.03,2.54571
6016,12.032,2.54733
6017,12.034,2.54169
6018,12.036,2.54894
6019,12.038,2.54169
6020,12.04,2.53604
6021,12.042,2.53524
6022,12.044,2.52476
6023,12.046,2.52557
6024,12.048,2.52073
6025,12.05,2.51751
6026,12.052,2.5304
6027,12.054,2.53524
6028,12.056,2.53121
6029,12.058,2.53604
6030,12.06,2.53201
6031,12.062,2.53604
6032,12.064,2.53201
6033,12.066,2.53524
6034,12.068,2.54894
6035,12.07,2.54652
6036,12.072,2.54571
6037,12.074,2.5441
6038,12.076,2.54894
6039,12.078,2.56344
6040,12.08,2.557
6041,12.082,2.55861
6042,12.084,2.56264
6043,12.086,2.57231
6044,12.088,2.56747
6045,12.09,2.5707
6046,12.092,2.56344
6047,12.094,2.56908
6048,12.096,2.557
6049,12.098,2.55377
6050,12.1,2.56586
6051,12.102,2.5707
6052,12.104,2.56908
6053,12.106,2.56747
6054,12.108,2.56828
6055,12.11,2.56908
6056,12.112,2.56828
6057,12.114,2.58278
6058,12.116,2.58681
6059,12.118,2.59004
6060,12.12,2.58762
6061,12.122,2.60615
6062,12.124,2.59729
6063,12.126,2.59245
6064,12.128,2.5989
6065,12.13,2.60293
6066,12.132,2.60615
6067,12.134,2.60132
6068,12.136,2.59407
6069,12.138,2.5989
6070,12.14,2.5981
6071,12.142,2.59245
6072,12.144,2.59165
6073,12.146,2.60051
6074,12.148,2.60132
6075,12.15,2.59568
6076,12.152,2.58359
6077,12.154,2.59084
6078,12.156,2.59165
6079,12.158,2.59165
6080,12.16,2.60051
6081,12.162,2.60132
6082,12.164,2.60051
6083,12.166,2.61179
6084,12.168,2.61341
6085,12.17,2.62791
6086,12.172,2.61905
6087,12.174,2.62066
6088,12.176,2.61663
6089,12.178,2.62791
6090,12.18,2.63194
6091,12.182,2.63516
6092,12.184,2.64081
6093,12.186,2.63597
6094,12.188,2.63355
6095,12.19,2.63114
6096,12.192,2.62711
6097,12.194,2.62308
6098,12.196,2.62388
6099,12.198,2.61341
6100,12.2,2.62147
6101,12.202,2.62147
6102,12.204,2.63597
6103,12.206,2.62952
6104,12.208,2.63355
6105,12.21,2.63919
6106,12.212,2.64725
6107,12.214,2.65128
6108,12.216,2.64806
6109,12.218,2.64725
6110,12.22,2.64886
6111,12.222,2.64886
6112,12.224,2.66176
6113,12.226,2.67143
6114,12.228,2.66659
6115,12.23,2.66095
6116,12.232,2.66498
6117,12.234,2.67304
6118,12.236,2.67788
6119,12.238,2.66498
6120,12.24,2.66015
6121,12.242,2.66015
6122,12.244,2.66901
6123,12.246,2.67223
6124,12.248,2.66659
6125,12.25,2.66659
6126,12.252,2.68271
6127,12.254,2.68271
6128,12.256,2.67949
6129,12.258,2.68916
6130,12.26,2.69238
6131,12.262,2.6819
6132,12.264,2.69641
6133,12.266,2.69399
6134,12.268,2.69319
6135,12.27,2.70286
6136,12.272,2.69963
6137,12.274,2.7093
6138,12.276,2.71575
6139,12.278,2.7093
6140,12.28,2.71414
6141,12.282,2.72059
6142,12.284,2.71978
6143,12.286,2.71978
6144,12.288,2.71495
6145,12.29,2.71172
6146,12.292,2.71978
6147,12.294,2.72703
6148,12.296,2.7222
6149,12.298,2.73106
6150,12.3,2.72542
6151,12.302,2.71817
6152,12.304,2.72623
6153,12.306,2.71817
6154,12.308,2.72784
6155,12.31,2.72059
6156,12.312,2.72703
6157,12.314,2.71897
6158,12.316,2.71978
6159,12.318,2.73509
6160,12.32,2.73751
6161,12.322,2.73832
6162,12.324,2.73993
6163,12.326,2.75766
6164,12.328,2.7633
6165,12.33,2.76813
6166,12.332,2.76652
6167,12.334,2.76813
6168,12.336,2.74557
6169,12.338,2.75363
6170,12.34,2.76652
6171,12.342,2.76491
6172,12.344,2.7778
6173,12.346,2.77861
6174,12.348,2.77619
6175,12.35,2.78103
6176,12.352,2.777
6177,12.354,2.76733
6178,12.356,2.77055
6179,12.358,2.77216
6180,12.36,2.75846
6181,12.362,2.76491
6182,12.364,2.777
6183,12.366,2.77941
6184,12.368,2.78989
6185,12.37,2.78022
6186,12.372,2.78264
6187,12.374,2.79553
6188,12.376,2.80198
6189,12.378,2.79956
6190,12.38,2.81084
6191,12.382,2.82454
6192,12.384,2.82293
6193,12.386,2.81648
6194,12.388,2.81648
6195,12.39,2.80681
6196,12.392,2.81165
6197,12.394,2.80117
6198,12.396,2.81326
6199,12.398,2.8044
6200,12.4,2.80842
6201,12.402,2.80681
6202,12.404,2.80037
6203,12.406,2.80037
6204,12.408,2.79392
6205,12.41,2.79473
6206,12.412,2.79231
6207,12.414,2.81084
6208,12.416,2.80762
6209,12.418,2.80198
6210,12.42,2.79956
6211,12.422,2.81326
6212,12.424,2.81084
6213,12.426,2.80359
6214,12.428,2.81407
6215,12.43,2.81326
6216,12.432,2.8181
6217,12.434,2.81326
6218,12.436,2.81407
6219,12.438,2.80601
6220,12.44,2.79956
6221,12.442,2.79634
6222,12.444,2.81004
6223,12.446,2.79875
6224,12.448,2.79714
6225,12.45,2.78264
6226,12.452,2.79553
6227,12.454,2.79795
6228,12.456,2.77458
6229,12.458,2.78989
6230,12.46,2.78747
6231,12.462,2.78828
6232,12.464,2.7907
6233,12.466,2.79231
6234,12.468,2.78828
6235,12.47,2.77619
6236,12.472,2.78344
6237,12.474,2.78264
6238,12.476,2.78667
6239,12.478,2.79795
6240,12.48,2.78667
6241,12.482,2.78022
6242,12.484,2.78586
6243,12.486,2.79311
6244,12.488,2.78022
6245,12.49,2.78103
6246,12.492,2.78425
6247,12.494,2.78103
6248,12.496,2.76571
6249,12.498,2.77377
6250,12.5,2.75846
6251,12.502,2.7641
6252,12.504,2.74315
6253,12.506,2.73187
6254,12.508,2.73267
6255,12.51,2.72623
6256,12.512,2.72623
6257,12.514,2.71414
6258,12.516,2.70608
6259,12.518,2.70286
6260,12.52,2.70689
6261,12.522,2.7093
6262,12.524,2.70689
6263,12.526,2.71978
6264,12.528,2.7222
6265,12.53,2.71495
6266,12.532,2.70608
6267,12.534,2.69399
6268,12.536,2.71333
6269,12.538,2.70608
6270,12.54,2.69883
6271,12.542,2.69158
6272,12.544,2.67707
6273,12.546,2.66015
6274,12.548,2.65531
6275,12.55,2.66015
6276,12.552,2.65289
6277,12.554,2.65853
6278,12.556,2.65209
6279,12.558,2.64886
6280,12.56,2.64242
6281,12.562,2.63758
6282,12.564,2.63355
6283,12.566,2.63436
6284,12.568,2.63436
6285,12.57,2.62711
6286,12.572,2.62066
6287,12.574,2.61663
6288,12.576,2.62549
6289,12.578,2.61905
6290,12.58,2.61099
6291,12.582,2.61744
6292,12.584,2.60777
6293,12.586,2.60212
6294,12.588,2.59487
6295,12.59,2.58762
6296,12.592,2.58278
6297,12.594,2.57714
6298,12.596,2.58117
6299,12.598,2.56586
6300,12.6,2.56586
6301,12.602,2.55538
6302,12.604,2.55458
6303,12.606,2.55377
6304,12.608,2.54652
6305,12.61,2.5441
6306,12.612,2.54491
6307,12.614,2.5304
6308,12.616,2.54088
6309,12.618,2.53363
6310,12.62,2.5304
6311,12.622,2.51912
6312,12.624,2.52476
6313,12.626,2.5167
6314,12.628,2.51429
6315,12.63,2.51912
6316,12.632,2.52234
6317,12.634,2.51751
6318,12.636,2.5167
6319,12.638,2.50784
6320,12.64,2.50623
6321,12.642,2.49172
6322,12.644,2.49011
6323,12.646,2.49092
6324,12.648,2.48125
6325,12.65,2.47722
6326,12.652,2.46755
6327,12.654,2.46432
6328,12.656,2.46674
6329,12.658,2.46593
6330,12.66,2.46835
6331,12.662,2.47077
6332,12.664,2.48366
6333,12.666,2.49333
6334,12.668,2.49011
6335,12.67,2.48689
6336,12.672,2.48366
6337,12.674,2.48044
6338,12.676,2.48286
6339,12.678,2.49253
6340,12.68,2.49817
6341,12.682,2.50059
6342,12.684,2.49575
6343,12.686,2.50059
6344,12.688,2.50381
6345,12.69,2.4893
6346,12.692,2.48689
6347,12.694,2.47641
6348,12.696,2.45385
6349,12.698,2.46352
6350,12.7,2.47238
6351,12.702,2.47722
6352,12.704,2.47963
6353,12.706,2.47077
6354,12.708,2.4619
6355,12.71,2.46432
6356,12.712,2.46029
6357,12.714,2.46432
6358,12.716,2.45788
6359,12.718,2.45949
6360,12.72,2.45707
6361,12.722,2.46996
6362,12.724,2.46432
6363,12.726,2.46674
6364,12.728,2.46593
6365,12.73,2.46755
6366,12.732,2.45868
6367,12.734,2.47077
6368,12.736,2.46271
6369,12.738,2.46835
6370,12.74,2.47238
6371,12.742,2.47238
6372,12.744,2.47077
6373,12.746,2.46432
6374,12.748,2.47077
6375,12.75,2.46674
6376,12.752,2.46432
6377,12.754,2.46755
6378,12.756,2.46352
6379,12.758,2.46352
6380,12.76,2.46674
6381,12.762,2.4611
6382,12.764,2.45385
6383,12.766,2.46996
6384,12.768,2.45868
6385,12.77,2.46674
6386,12.772,2.4611
6387,12.774,2.45223
6388,12.776,2.45465
6389,12.778,2.45143
6390,12.78,2.4611
6391,12.782,2.45868
6392,12.784,2.46755
6393,12.786,2.45868
6394,12.788,2.46513
6395,12.79,2.4611
6396,12.792,2.4619
6397,12.794,2.47641
6398,12.796,2.46432
6399,12.798,2.45707
6400,12.8,2.44982
6401,12.802,2.45385
6402,12.804,2.46593
6403,12.806,2.45385
6404,12.808,2.46432
6405,12.81,2.45546
6406,12.812,2.45868
6407,12.814,2.45546
6408,12.816,2.46835
6409,12.818,2.46029
6410,12.82,2.45868
6411,12.822,2.46593
6412,12.824,2.47399
6413,12.826,2.47238
6414,12.828,2.47077
6415,12.83,2.46916
6416,12.832,2.46916
6417,12.834,2.47399
6418,12.836,2.46996
6419,12.838,2.45143
6420,12.84,2.46432
6421,12.842,2.46432
6422,12.844,2.46755
6423,12.846,2.48286
6424,12.848,2.46674
6425,12.85,2.45385
6426,12.852,2.45546
6427,12.854,2.46271
6428,12.856,2.45465
6429,12.858,2.45949
6430,12.86,2.44821
6431,12.862,2.45143
6432,12.864,2.45385
6433,12.866,2.45626
6434,12.868,2.4474
6435,12.87,2.45304
6436,12.872,2.43531
6437,12.874,2.44982
6438,12.876,2.46432
6439,12.878,2.4619
6440,12.88,2.47722
6441,12.882,2.46835
6442,12.884,2.45868
6443,12.886,2.4611
6444,12.888,2.46271
6445,12.89,2.45304
6446,12.892,2.45385
6447,12.894,2.46432
6448,12.896,2.46352
6449,12.898,2.45143
6450,12.9,2.45223
6451,12.902,2.45626
6452,12.904,2.44821
6453,12.906,2.45868
6454,12.908,2.44901
6455,12.91,2.45546
6456,12.912,2.45304
6457,12.914,2.45868
6458,12.916,2.45707
6459,12.918,2.46432
6460,12.92,2.44418
6461,12.922,2.45949
6462,12.924,2.45465
6463,12.926,2.45465
6464,12.928,2.45626
6465,12.93,2.45223
6466,12.932,2.45143
6467,12.934,2.45788
6468,12.936,2.46432
6469,12.938,2.46996
6470,12.94,2.45546
6471,12.942,2.45385
6472,12.944,2.46271
6473,12.946,2.45707
6474,12.948,2.46271
6475,12.95,2.45868
6476,12.952,2.45143
6477,12.954,2.45223
6478,12.956,2.44901
6479,12.958,2.43853
6480,12.96,2.44579
6481,12.962,2.44659
6482,12.964,2.44095
6483,12.966,2.44418
6484,12.968,2.44579
6485,12.97,2.44659
6486,12.972,2.44579
6487,12.974,2.44015
6488,12.976,2.43773
6489,12.978,2.42886
6490,12.98,2.42806
6491,12.982,2.44418
6492,12.984,2.44579
6493,12.986,2.44176
6494,12.988,2.43612
6495,12.99,2.44901
6496,12.992,2.45465
6497,12.994,2.44821
6498,12.996,2.45385
6499,12.998,2.45788
6500,13.0,2.45304
6501,13.002,2.44982
6502,13.004,2.44498
6503,13.006,2.43773
6504,13.008,2.42967
6505,13.01,2.41839
6506,13.012,2.42806
6507,13.014,2.42484
6508,13.016,2.4474
6509,13.018,2.43692
6510,13.02,2.42564
6511,13.022,2.43853
6512,13.024,2.43048
6513,13.026,2.42725
6514,13.028,2.43209
6515,13.03,2.42806
6516,13.032,2.4337
6517,13.034,2.42886
6518,13.036,2.43209
6519,13.038,2.42645
6520,13.04,2.43048
6521,13.042,2.43209
6522,13.044,2.43451
6523,13.046,2.4474
6524,13.048,2.44498
6525,13.05,2.44015
6526,13.052,2.41758
6527,13.054,2.41597
6528,13.056,2.42564
6529,13.058,2.41919
6530,13.06,2.44256
6531,13.062,2.44498
6532,13.064,2.43209
6533,13.066,2.42967
6534,13.068,2.44659
6535,13.07,2.44418
6536,13.072,2.45143
6537,13.074,2.43289
6538,13.076,2.41194
6539,13.078,2.42242
6540,13.08,2.43612
6541,13.082,2.44256
6542,13.084,2.43289
6543,13.086,2.44337
6544,13.088,2.44095
6545,13.09,2.42322
6546,13.092,2.43048
6547,13.094,2.43451
6548,13.096,2.42403
6549,13.098,2.41758
6550,13.1,2.41919
6551,13.102,2.41194
6552,13.104,2.41839
6553,13.106,2.42161
6554,13.108,2.41597
6555,13.11,2.42322
6556,13.112,2.42161
6557,13.114,2.43128
6558,13.116,2.42806
6559,13.118,2.43692
6560,13.12,2.43289
6561,13.122,2.43612
6562,13.124,2.43048
6563,13.126,2.43128
6564,13.128,2.43128
6565,13.13,2.42322
6566,13.132,2.42806
6567,13.134,2.42967
6568,13.136,2.43451
6569,13.138,2.44095
6570,13.14,2.43451
6571,13.142,2.44176
6572,13.144,2.43451
6573,13.146,2.42886
6574,13.148,2.43048
6575,13.15,2.43209
6576,13.152,2.42403
6577,13.154,2.41275
6578,13.156,2.41678
6579,13.158,2.41758
6580,13.16,2.41597
6581,13.162,2.41839
6582,13.164,2.43128
6583,13.166,2.42
6584,13.168,2.42564
6585,13.17,2.41758
6586,13.172,2.4063
6587,13.174,2.41194
6588,13.176,2.39985
6589,13.178,2.40549
6590,13.18,2.40308
6591,13.182,2.40872
6592,13.184,2.41355
6593,13.186,2.42
6594,13.188,2.43209
6595,13.19,2.44015
6596,13.192,2.43934
6597,13.194,2.43128
6598,13.196,2.41355
6599,13.198,2.41758
6600,13.2,2.41033
6601,13.202,2.41678
6602,13.204,2.41758
6603,13.206,2.40872
6604,13.208,2.41516
6605,13.21,2.42564
6606,13.212,2.42806
6607,13.214,2.43209
6608,13.216,2.42242
6609,13.218,2.41436
6610,13.22,2.42161
6611,13.222,2.4337
6612,13.224,2.43209
6613,13.226,2.42886
6614,13.228,2.44176
6615,13.23,2.45626
6616,13.232,2.44498
6617,13.234,2.44256
6618,13.236,2.44256
6619,13.238,2.43531
6620,13.24,2.44176
6621,13.242,2.42725
6622,13.244,2.42161
6623,13.246,2.41597
6624,13.248,2.41678
6625,13.25,2.41839
6626,13.252,2.41355
6627,13.254,2.41436
6628,13.256,2.42
6629,13.258,2.42564
6630,13.26,2.41355
6631,13.262,2.42403
6632,13.264,2.41194
6633,13.266,2.41275
6634,13.268,2.42161
6635,13.27,2.42242
6636,13.272,2.41516
6637,13.274,2.4063
6638,13.276,2.41114
6639,13.278,2.41758
6640,13.28,2.41919
6641,13.282,2.42806
6642,13.284,2.41839
6643,13.286,2.42564
6644,13.288,2.43289
6645,13.29,2.42564
6646,13.292,2.41033
6647,13.294,2.4063
6648,13.296,2.41516
6649,13.298,2.41758
6650,13.3,2.40388
6651,13.302,2.40308
6652,13.304,2.40872
6653,13.306,2.41597
6654,13.308,2.4063
6655,13.31,2.40872
6656,13.312,2.40147
6657,13.314,2.4063
6658,13.316,2.40952
6659,13.318,2.41436
6660,13.32,2.40711
6661,13.322,2.41597
6662,13.324,2.42403
6663,13.326,2.41275
6664,13.328,2.4063
6665,13.33,2.42725
6666,13.332,2.43853
6667,13.334,2.44256
6668,13.336,2.44095
6669,13.338,2.43128
6670,13.34,2.43531
6671,13.342,2.42886
6672,13.344,2.41758
6673,13.346,2.42403
6674,13.348,2.43048
6675,13.35,2.41516
6676,13.352,2.43048
6677,13.354,2.41758
6678,13.356,2.42806
6679,13.358,2.42564
6680,13.36,2.42081
6681,13.362,2.41839
6682,13.364,2.41436
6683,13.366,2.41839
6684,13.368,2.41516
6685,13.37,2.40469
6686,13.372,2.41758
6687,13.374,2.40388
6688,13.376,2.40147
6689,13.378,2.41355
6690,13.38,2.41275
6691,13.382,2.41275
6692,13.384,2.41275
6693,13.386,2.41194
6694,13.388,2.43209
6695,13.39,2.42886
6696,13.392,2.43209
6697,13.394,2.43209
6698,13.396,2.43128
6699,13.398,2.43048
6700,13.4,2.42242
6701,13.402,2.42081
6702,13.404,2.41919
6703,13.406,2.43128
6704,13.408,2.43853
6705,13.41,2.42161
6706,13.412,2.42081
6707,13.414,2.41839
6708,13.416,2.41033
6709,13.418,2.40872
6710,13.42,2.40872
6711,13.422,2.41516
6712,13.424,2.41758
6713,13.426,2.41919
6714,13.428,2.41919
6715,13.43,2.41033
6716,13.432,2.41194
6717,13.434,2.41355
6718,13.436,2.42806
6719,13.438,2.42322
6720,13.44,2.43451
6721,13.442,2.42242
6722,13.444,2.42886
6723,13.446,2.43531
6724,13.448,2.43612
6725,13.45,2.43289
6726,13.452,2.43289
6727,13.454,2.42161
6728,13.456,2.41194
6729,13.458,2.42081
6730,13.46,2.42806
6731,13.462,2.42161
6732,13.464,2.43048
6733,13.466,2.42242
6734,13.468,2.43209
6735,13.47,2.43451
6736,13.472,2.42806
6737,13.474,2.42322
6738,13.476,2.41758
6739,13.478,2.42161
6740,13.48,2.42806
6741,13.482,2.42725
6742,13.484,2.40711
6743,13.486,2.41033
6744,13.488,2.42242
6745,13.49,2.43289
6746,13.492,2.44256
6747,13.494,2.44579
6748,13.496,2.44095
6749,13.498,2.43531
6750,13.5,2.42886
6751,13.502,2.43531
6752,13.504,2.42081
6753,13.506,2.44982
6754,13.508,2.43209
6755,13.51,2.42564
6756,13.512,2.41516
6757,13.514,2.41516
6758,13.516,2.42725
6759,13.518,2.41678
6760,13.52,2.42322
6761,13.522,2.42725
6762,13.524,2.43209
6763,13.526,2.42081
6764,13.528,2.41839
6765,13.53,2.41839
6766,13.532,2.42081
6767,13.534,2.42806
6768,13.536,2.42322
6769,13.538,2.42564
6770,13.54,2.44095
6771,13.542,2.42242
6772,13.544,2.41275
6773,13.546,2.42564
6774,13.548,2.42645
6775,13.55,2.43209
6776,13.552,2.40711
6777,13.554,2.41033
6778,13.556,2.41597
6779,13.558,2.41919
6780,13.56,2.42403
6781,13.562,2.42725
6782,13.564,2.42564
6783,13.566,2.41839
6784,13.568,2.40549
6785,13.57,2.42081
6786,13.572,2.42403
6787,13.574,2.41919
6788,13.576,2.41919
6789,13.578,2.42322
6790,13.58,2.42403
6791,13.582,2.42725
6792,13.584,2.42081
6793,13.586,2.42564
6794,13.588,2.43209
6795,13.59,2.42484
6796,13.592,2.43773
6797,13.594,2.44337
6798,13.596,2.45223
6799,13.598,2.44095
6800,13.6,2.44982
6801,13.602,2.45062
6802,13.604,2.46996
6803,13.606,2.47077
6804,13.608,2.45465
6805,13.61,2.45385
6806,13.612,2.46271
6807,13.614,2.46755
6808,13.616,2.45788
6809,13.618,2.45788
6810,13.62,2.45385
6811,13.622,2.44901
6812,13.624,2.44982
6813,13.626,2.43612
6814,13.628,2.44982
6815,13.63,2.43934
6816,13.632,2.43853
6817,13.634,2.43934
6818,13.636,2.43612
6819,13.638,2.43048
6820,13.64,2.44982
6821,13.642,2.45465
6822,13.644,2.46432
6823,13.646,2.47399
6824,13.648,2.48689
6825,13.65,2.47722
6826,13.652,2.48205
6827,13.654,2.47883
6828,13.656,2.48366
6829,13.658,2.47238
6830,13.66,2.48125
6831,13.662,2.45868
6832,13.664,2.46996
6833,13.666,2.4619
6834,13.668,2.46835
6835,13.67,2.46996
6836,13.672,2.45949
6837,13.674,2.45949
6838,13.676,2.45385
6839,13.678,2.45868
6840,13.68,2.45626
6841,13.682,2.46271
6842,13.684,2.46755
6843,13.686,2.48447
6844,13.688,2.48689
6845,13.69,2.48366
6846,13.692,2.48366
6847,13.694,2.49978
6848,13.696,2.51832
6849,13.698,2.52154
6850,13.7,2.5167
6851,13.702,2.50703
6852,13.704,2.5304
6853,13.706,2.53201
6854,13.708,2.53201
6855,13.71,2.53685
6856,13.712,2.53201
6857,13.714,2.53927
6858,13.716,2.55941
6859,13.718,2.55458
6860,13.72,2.56022
6861,13.722,2.53927
6862,13.724,2.5441
6863,13.726,2.53604
6864,13.728,2.5441
6865,13.73,2.52718
6866,13.732,2.52879
6867,13.734,2.52073
6868,13.736,2.52154
6869,13.738,2.5159
6870,13.74,2.51348
6871,13.742,2.51993
6872,13.744,2.52799
6873,13.746,2.5296
6874,13.748,2.51751
6875,13.75,2.52718
6876,13.752,2.54491
6877,13.754,2.55619
6878,13.756,2.557
6879,13.758,2.5441
6880,13.76,2.55619
6881,13.762,2.5433
6882,13.764,2.53766
6883,13.766,2.53282
6884,13.768,2.52315
6885,13.77,2.54088
6886,13.772,2.52557
6887,13.774,2.51026
6888,13.776,2.51348
6889,13.778,2.51106
6890,13.78,2.49736
6891,13.782,2.49414
6892,13.784,2.47802
6893,13.786,2.4756
6894,13.788,2.46835
6895,13.79,2.48769
6896,13.792,2.4748
6897,13.794,2.4748
6898,13.796,2.48044
6899,13.798,2.4885
6900,13.8,2.49414
6901,13.802,2.49656
6902,13.804,2.49172
6903,13.806,2.47802
6904,13.808,2.49011
6905,13.81,2.4756
6906,13.812,2.45788
6907,13.814,2.45707
6908,13.816,2.45788
6909,13.818,2.46755
6910,13.82,2.45626
6911,13.822,2.45304
6912,13.824,2.44659
6913,13.826,2.44982
6914,13.828,2.46352
6915,13.83,2.44498
6916,13.832,2.44659
6917,13.834,2.43853
6918,13.836,2.42403
6919,13.838,2.41839
6920,13.84,2.41516
6921,13.842,2.41275
6922,13.844,2.41758
6923,13.846,2.41839
6924,13.848,2.43128
6925,13.85,2.42886
6926,13.852,2.45062
6927,13.854,2.43934
6928,13.856,2.44579
6929,13.858,2.43773
6930,13.86,2.43451
6931,13.862,2.42242
6932,13.864,2.41033
6933,13.866,2.41275
6934,13.868,2.40549
6935,13.87,2.40147
6936,13.872,2.40469
6937,13.874,2.38615
6938,13.876,2.40308
6939,13.878,2.40227
6940,13.88,2.40872
6941,13.882,2.40711
6942,13.884,2.41033
6943,13.886,2.4063
6944,13.888,2.40227
6945,13.89,2.40791
6946,13.892,2.41275
6947,13.894,2.40872
6948,13.896,2.39985
6949,13.898,2.41516
6950,13.9,2.41839
6951,13.902,2.42322
6952,13.904,2.41516
6953,13.906,2.40388
6954,13.908,2.41436
6955,13.91,2.42242
6956,13.912,2.41839
6957,13.914,2.40872
6958,13.916,2.41516
6959,13.918,2.40872
6960,13.92,2.3926
6961,13.922,2.3926
6962,13.924,2.40227
6963,13.926,2.40711
6964,13.928,2.40791
6965,13.93,2.4063
6966,13.932,2.40388
6967,13.934,2.39582
6968,13.936,2.40549
6969,13.938,2.4063
6970,13.94,2.43048
6971,13.942,2.41919
6972,13.944,2.41919
6973,13.946,2.40872
6974,13.948,2.40227
6975,13.95,2.40549
6976,13.952,2.41516
6977,13.954,2.41597
6978,13.956,2.40872
6979,13.958,2.41597
6980,13.96,2.41758
6981,13.962,2.41033
6982,13.964,2.41839
6983,13.966,2.42242
6984,13.968,2.40711
6985,13.97,2.41758
6986,13.972,2.41758
6987,13.974,2.39905
6988,13.976,2.38777
6989,13.978,2.38535
6990,13.98,2.39582
6991,13.982,2.40066
6992,13.984,2.39985
6993,13.986,2.40308
6994,13.988,2.40227
6995,13.99,2.40227
6996,13.992,2.40469
6997,13.994,2.40872
6998,13.996,2.4063
6999,13.998,2.41839
7000,14.0,2.42403
7001,14.002,2.42806
7002,14.004,2.42967
7003,14.006,2.43773
7004,14.008,2.42725
7005,14.01,2.42806
7006,14.012,2.42967
7007,14.014,2.42161
7008,14.016,2.41678
7009,14.018,2.42484
7010,14.02,2.42484
7011,14.022,2.43128
7012,14.024,2.43451
7013,14.026,2.41678
7014,14.028,2.43209
7015,14.03,2.43048
7016,14.032,2.43451
7017,14.034,2.43451
7018,14.036,2.42806
7019,14.038,2.41839
7020,14.04,2.42645
7021,14.042,2.41355
7022,14.044,2.41678
7023,14.046,2.4337
7024,14.048,2.44659
7025,14.05,2.44821
7026,14.052,2.43531
7027,14.054,2.43531
7028,14.056,2.44659
7029,14.058,2.44176
7030,14.06,2.42967
7031,14.062,2.43612
7032,14.064,2.43773
7033,14.066,2.4337
7034,14.068,2.43853
7035,14.07,2.44579
7036,14.072,2.43612
7037,14.074,2.44337
7038,14.076,2.45465
7039,14.078,2.45385
7040,14.08,2.45707
7041,14.082,2.45707
7042,14.084,2.45385
7043,14.086,2.46916
7044,14.088,2.47641
7045,14.09,2.47077
7046,14.092,2.47077
7047,14.094,2.47238
7048,14.096,2.45788
7049,14.098,2.46271
7050,14.1,2.46271
7051,14.102,2.48286
7052,14.104,2.47963
7053,14.106,2.4885
7054,14.108,2.49172
7055,14.11,2.52073
7056,14.112,2.52476
7057,14.114,2.55377
7058,14.116,2.557
7059,14.118,2.56344
7060,14.12,2.5981
7061,14.122,2.63033
7062,14.124,2.64725
7063,14.126,2.65934
7064,14.128,2.70044
7065,14.13,2.7496
7066,14.132,2.80198
7067,14.134,2.83502
7068,14.136,2.87773
7069,14.138,2.94381
7070,14.14,3.00344
7071,14.142,3.03729
7072,14.144,3.08806
7073,14.146,3.14125
7074,14.148,3.19927
7075,14.15,3.20249
7076,14.152,3.2315
7077,14.154,3.27663
7078,14.156,3.3
7079,14.158,3.3
7080,14.16,3.3
7081,14.162,3.3
7082,14.164,3.3
7083,14.166,3.28711
7084,14.168,3.29436
7085,14.17,3.28147
7086,14.172,3.26212
7087,14.174,3.21861
7088,14.176,3.14447
7089,14.178,3.06791
7090,14.18,2.94784
7091,14.182,2.80601
7092,14.184,2.67062
7093,14.186,2.59729
7094,14.188,2.52879
7095,14.19,2.46029
7096,14.192,2.40227
7097,14.194,2.34989
7098,14.196,2.26447
7099,14.198,2.17824
7100,14.2,2.11377
7101,14.202,2.06139
7102,14.204,2.00015
7103,14.206,1.94132
7104,14.208,1.87685
7105,14.21,1.83897
7106,14.212,1.8285
7107,14.214,1.77531
7108,14.216,1.76
7109,14.218,1.70923
7110,14.22,1.68425
7111,14.222,1.68586
7112,14.224,1.71004
7113,14.226,1.69311
7114,14.228,1.70601
7115,14.23,1.72938
7116,14.232,1.74872
7117,14.234,1.79143
7118,14.236,1.86476
7119,14.238,1.91473
7120,14.24,1.97355
7121,14.242,2.01546
7122,14.244,2.05172
7123,14.246,2.09121
7124,14.248,2.12667
7125,14.25,2.16696
7126,14.252,2.18952
7127,14.254,2.22659
7128,14.256,2.25238
7129,14.258,2.29267
7130,14.26,2.33538
7131,14.262,2.37568
7132,14.264,2.40227
7133,14.266,2.43289
7134,14.268,2.4619
7135,14.27,2.46755
7136,14.272,2.46674
7137,14.274,2.47399
7138,14.276,2.46674
7139,14.278,2.46996
7140,14.28,2.47238
7141,14.282,2.47641
7142,14.284,2.46029
7143,14.286,2.48689
7144,14.288,2.49656
7145,14.29,2.49897
7146,14.292,2.50059
7147,14.294,2.49897
7148,14.296,2.4893
7149,14.298,2.49897
7150,14.3,2.50139
7151,14.302,2.5159
7152,14.304,2.51187
7153,14.306,2.51751
7154,14.308,2.50864
7155,14.31,2.51267
7156,14.312,2.51026
7157,14.314,2.50864
7158,14.316,2.50462
7159,14.318,2.49414
7160,14.32,2.49253
7161,14.322,2.49333
7162,14.324,2.49656
7163,14.326,2.49575
7164,14.328,2.48447
7165,14.33,2.49736
7166,14.332,2.49011
7167,14.334,2.48125
7168,14.336,2.48205
7169,14.338,2.49978
7170,14.34,2.49414
7171,14.342,2.51026
7172,14.344,2.503
7173,14.346,2.49575
7174,14.348,2.48608
7175,14.35,2.50139
7176,14.352,2.51348
7177,14.354,2.51429
7178,14.356,2.51348
7179,14.358,2.52073
7180,14.36,2.51912
7181,14.362,2.5159
7182,14.364,2.49656
7183,14.366,2.49817
7184,14.368,2.50381
7185,14.37,2.50139
7186,14.372,2.49736
7187,14.374,2.50945
7188,14.376,2.503
7189,14.378,2.50462
7190,14.38,2.49656
7191,14.382,2.50623
7192,14.384,2.50864
7193,14.386,2.50864
7194,14.388,2.503
7195,14.39,2.503
7196,14.392,2.49736
7197,14.394,2.50623
7198,14.396,2.49817
7199,14.398,2.50864
7200,14.4,2.503
7201,14.402,2.5159
7202,14.404,2.52234
7203,14.406,2.53604
7204,14.408,2.54007
7205,14.41,2.53363
7206,14.412,2.52879
7207,14.414,2.52718
7208,14.416,2.50945
7209,14.418,2.51187
7210,14.42,2.51267
7211,14.422,2.51509
7212,14.424,2.52476
7213,14.426,2.52799
7214,14.428,2.52154
7215,14.43,2.51751
7216,14.432,2.52799
7217,14.434,2.51832
7218,14.436,2.50703
7219,14.438,2.51751
7220,14.44,2.51187
7221,14.442,2.50542
7222,14.444,2.5304
7223,14.446,2.53443
7224,14.448,2.53766
7225,14.45,2.5433
7226,14.452,2.55377
7227,14.454,2.53443
7228,14.456,2.55297
7229,14.458,2.55538
7230,14.46,2.55377
7231,14.462,2.557
7232,14.464,2.54571
7233,14.466,2.54088
7234,14.468,2.53524
7235,14.47,2.53524
7236,14.472,2.53121
7237,14.474,2.5304
7238,14.476,2.5159
7239,14.478,2.52476
7240,14.48,2.53282
7241,14.482,2.54169
7242,14.484,2.53443
7243,14.486,2.53524
7244,14.488,2.5441
7245,14.49,2.53685
7246,14.492,2.5441
7247,14.494,2.5441
7248,14.496,2.54571
7249,14.498,2.55538
7250,14.5,2.5441
7251,14.502,2.55458
7252,14.504,2.54733
7253,14.506,2.5441
7254,14.508,2.54813
7255,14.51,2.55055
7256,14.512,2.55297
7257,14.514,2.55538
7258,14.516,2.55458
7259,14.518,2.56103
7260,14.52,2.54169
7261,14.522,2.5433
7262,14.524,2.54894
7263,14.526,2.54571
7264,14.528,2.53927
7265,14.53,2.53524
7266,14.532,2.54813
7267,14.534,2.56183
7268,14.536,2.55619
7269,14.538,2.5578
7270,14.54,2.557
7271,14.542,2.56425
7272,14.544,2.56828
7273,14.546,2.56344
7274,14.548,2.55861
7275,14.55,2.557
7276,14.552,2.55619
7277,14.554,2.57231
7278,14.556,2.557
7279,14.558,2.57311
7280,14.56,2.56989
7281,14.562,2.56989
7282,14.564,2.58359
7283,14.566,2.57875
7284,14.568,2.58117
7285,14.57,2.57795
7286,14.572,2.58198
7287,14.574,2.57553
7288,14.576,2.57311
7289,14.578,2.58117
7290,14.58,2.58037
7291,14.582,2.56828
7292,14.584,2.56989
7293,14.586,2.56989
7294,14.588,2.56183
7295,14.59,2.57634
7296,14.592,2.57473
7297,14.594,2.59729
7298,14.596,2.5989
7299,14.598,2.60777
7300,14.6,2.60374
7301,14.602,2.59971
7302,14.604,2.59971
7303,14.606,2.5981
7304,14.608,2.60615
7305,14.61,2.60535
7306,14.612,2.59971
7307,14.614,2.60374
7308,14.616,2.58842
7309,14.618,2.58762
7310,14.62,2.58923
7311,14.622,2.57956
7312,14.624,2.58762
7313,14.626,2.5852
7314,14.628,2.58278
7315,14.63,2.59326
7316,14.632,2.58681
7317,14.634,2.5981
7318,14.636,2.60293
7319,14.638,2.59084
7320,14.64,2.59648
7321,14.642,2.5981
7322,14.644,2.60777
7323,14.646,2.59729
7324,14.648,2.61018
7325,14.65,2.61018
7326,14.652,2.61018
7327,14.654,2.62066
7328,14.656,2.63678
7329,14.658,2.62549
7330,14.66,2.62308
7331,14.662,2.62952
7332,14.664,2.63114
7333,14.666,2.62952
7334,14.668,2.62791
7335,14.67,2.62791
7336,14.672,2.62872
7337,14.674,2.62469
7338,14.676,2.63355
7339,14.678,2.63194
7340,14.68,2.62308
7341,14.682,2.62147
7342,14.684,2.63033
7343,14.686,2.63919
7344,14.688,2.64242
7345,14.69,2.64967
7346,14.692,2.64967
7347,14.694,2.65048
7348,14.696,2.65128
7349,14.698,2.65451
7350,14.7,2.6537
7351,14.702,2.65612
7352,14.704,2.66176
7353,14.706,2.65451
7354,14.708,2.6674
7355,14.71,2.66498
7356,14.712,2.66015
7357,14.714,2.67062
7358,14.716,2.66659
7359,14.718,2.66418
7360,14.72,2.67062
7361,14.722,2.66176
7362,14.724,2.67546
7363,14.726,2.67143
7364,14.728,2.66982
7365,14.73,2.66982
7366,14.732,2.66095
7367,14.734,2.66095
7368,14.736,2.66337
7369,14.738,2.66901
7370,14.74,2.67062
7371,14.742,2.66821
7372,14.744,2.68271
7373,14.746,2.67949
7374,14.748,2.6811
7375,14.75,2.6819
7376,14.752,2.69158
7377,14.754,2.67949
7378,14.756,2.67788
7379,14.758,2.68432
7380,14.76,2.69077
7381,14.762,2.69238
7382,14.764,2.68835
7383,14.766,2.68674
7384,14.768,2.69158
7385,14.77,2.68352
7386,14.772,2.69722
7387,14.774,2.68352
7388,14.776,2.69158
7389,14.778,2.68432
7390,14.78,2.67868
7391,14.782,2.67626
7392,14.784,2.68029
7393,14.786,2.6811
7394,14.788,2.6819
7395,14.79,2.67707
7396,14.792,2.6811
7397,14.794,2.68835
7398,14.796,2.68674
7399,14.798,2.69238
7400,14.8,2.69722
7401,14.802,2.70286
7402,14.804,2.69641
7403,14.806,2.70447
7404,14.808,2.70286
7405,14.81,2.72139
7406,14.812,2.70527
7407,14.814,2.70125
7408,14.816,2.69883
7409,14.818,2.70366
7410,14.82,2.69641
7411,14.822,2.69802
7412,14.824,2.70205
7413,14.826,2.68593
7414,14.828,2.68513
7415,14.83,2.6811
7416,14.832,2.68835
7417,14.834,2.6956
7418,14.836,2.69641
7419,14.838,2.68996
7420,14.84,2.68755
7421,14.842,2.69238
7422,14.844,2.69641
7423,14.846,2.68916
7424,14.848,2.68593
7425,14.85,2.68593
7426,14.852,2.68755
7427,14.854,2.69158
7428,14.856,2.69319
7429,14.858,2.68674
7430,14.86,2.68029
7431,14.862,2.67626
7432,14.864,2.68029
7433,14.866,2.67707
7434,14.868,2.67385
7435,14.87,2.67868
7436,14.872,2.66498
7437,14.874,2.67949
7438,14.876,2.68029
7439,14.878,2.66256
7440,14.88,2.66337
7441,14.882,2.66337
7442,14.884,2.65773
7443,14.886,2.64886
7444,14.888,2.65612
7445,14.89,2.65853
7446,14.892,2.65773
7447,14.894,2.67707
7448,14.896,2.66659
7449,14.898,2.66821
7450,14.9,2.66418
7451,14.902,2.67062
7452,14.904,2.66256
7453,14.906,2.67062
7454,14.908,2.66498
7455,14.91,2.65773
7456,14.912,2.65531
7457,14.914,2.63839
7458,14.916,2.63839
7459,14.918,2.63919
7460,14.92,2.64645
7461,14.922,2.62872
7462,14.924,2.61905
7463,14.926,2.6126
7464,14.928,2.61663
7465,14.93,2.61824
7466,14.932,2.60696
7467,14.934,2.60615
7468,14.936,2.60212
7469,14.938,2.59648
7470,14.94,2.59407
7471,14.942,2.59487
7472,14.944,2.58359
7473,14.946,2.57634
7474,14.948,2.58601
7475,14.95,2.57392
7476,14.952,2.57875
7477,14.954,2.59245
7478,14.956,2.59326
7479,14.958,2.58762
7480,14.96,2.58842
7481,14.962,2.58198
7482,14.964,2.57553
7483,14.966,2.56667
7484,14.968,2.56505
7485,14.97,2.55055
7486,14.972,2.557
7487,14.974,2.56344
7488,14.976,2.56586
7489,14.978,2.56344
7490,14.98,2.55458
7491,14.982,2.55458
7492,14.984,2.557
7493,14.986,2.54491
7494,14.988,2.5304
7495,14.99,2.52476
7496,14.992,2.52799
7497,14.994,2.5304
7498,14.996,2.52879
7499,14.998,2.5304
7500,15.0,2.53282
7501,15.002,2.52557
7502,15.004,2.5304
7503,15.006,2.52476
7504,15.008,2.52315
7505,15.01,2.51187
7506,15.012,2.51348
7507,15.014,2.50059
7508,15.016,2.50381
7509,15.018,2.503
7510,15.02,2.50864
7511,15.022,2.50139
7512,15.024,2.49656
7513,15.026,2.48205
7514,15.028,2.4893
7515,15.03,2.47399
7516,15.032,2.48769
7517,15.034,2.49333
7518,15.036,2.48447
7519,15.038,2.48447
7520,15.04,2.47399
7521,15.042,2.48044
7522,15.044,2.49253
7523,15.046,2.46593
7524,15.048,2.49172
7525,15.05,2.49011
7526,15.052,2.49253
7527,15.054,2.4893
7528,15.056,2.49253
7529,15.058,2.48769
7530,15.06,2.49011
7531,15.062,2.4885
7532,15.064,2.4748
7533,15.066,2.47238
7534,15.068,2.46916
7535,15.07,2.46674
7536,15.072,2.45062
7537,15.074,2.45626
7538,15.076,2.45788
7539,15.078,2.45868
7540,15.08,2.47319
7541,15.082,2.45062
7542,15.084,2.44418
7543,15.086,2.44095
7544,15.088,2.43612
7545,15.09,2.44418
7546,15.092,2.44256
7547,15.094,2.44095
7548,15.096,2.45465
7549,15.098,2.44579
7550,15.1,2.45626
7551,15.102,2.45546
7552,15.104,2.46432
7553,15.106,2.46352
7554,15.108,2.47077
7555,15.11,2.46996
7556,15.112,2.46916
7557,15.114,2.47238
7558,15.116,2.46352
7559,15.118,2.47319
7560,15.12,2.48205
7561,15.122,2.46996
7562,15.124,2.46029
7563,15.126,2.46271
7564,15.128,2.46432
7565,15.13,2.45385
7566,15.132,2.45143
7567,15.134,2.45788
7568,15.136,2.45143
7569,15.138,2.45143
7570,15.14,2.44418
7571,15.142,2.45304
7572,15.144,2.43934
7573,15.146,2.44095
7574,15.148,2.43853
7575,15.15,2.44256
7576,15.152,2.42886
7577,15.154,2.42806
7578,15.156,2.43451
7579,15.158,2.44015
7580,15.16,2.44337
7581,15.162,2.43853
7582,15.164,2.44982
7583,15.166,2.44256
7584,15.168,2.45304
7585,15.17,2.45304
7586,15.172,2.45868
7587,15.174,2.46029
7588,15.176,2.46029
7589,15.178,2.45385
7590,15.18,2.46593
7591,15.182,2.45223
7592,15.184,2.44498
7593,15.186,2.44821
7594,15.188,2.45707
7595,15.19,2.45868
7596,15.192,2.45465
7597,15.194,2.44982
7598,15.196,2.44337
7599,15.198,2.45143
7600,15.2,2.45143
7601,15.202,2.46029
7602,15.204,2.45465
7603,15.206,2.46755
7604,15.208,2.46674
7605,15.21,2.47238
7606,15.212,2.47238
7607,15.214,2.46432
7608,15.216,2.46916
7609,15.218,2.46674
7610,15.22,2.46271
7611,15.222,2.46432
7612,15.224,2.46593
7613,15.226,2.45868
7614,15.228,2.45707
7615,15.23,2.45788
7616,15.232,2.45062
7617,15.234,2.44821
7618,15.236,2.44176
7619,15.238,2.44579
7620,15.24,2.44256
7621,15.242,2.45465
7622,15.244,2.45304
7623,15.246,2.46271
7624,15.248,2.46352
7625,15.25,2.45546
7626,15.252,2.44821
7627,15.254,2.44901
7628,15.256,2.4474
7629,15.258,2.46593
7630,15.26,2.46432
7631,15.262,2.4619
7632,15.264,2.45949
7633,15.266,2.46916
7634,15.268,2.48366
7635,15.27,2.47883
7636,15.272,2.46674
7637,15.274,2.44498
7638,15.276,2.45465
7639,15.278,2.44821
7640,15.28,2.46755
7641,15.282,2.46996
7642,15.284,2.4748
7643,15.286,2.4611
7644,15.288,2.4619
7645,15.29,2.47158
7646,15.292,2.46674
7647,15.294,2.45949
7648,15.296,2.44579
7649,15.298,2.45062
7650,15.3,2.45707
7651,15.302,2.46432
7652,15.304,2.45868
7653,15.306,2.47077
7654,15.308,2.45868
7655,15.31,2.46513
7656,15.312,2.46593
7657,15.314,2.47077
7658,15.316,2.46513
7659,15.318,2.45223
7660,15.32,2.46674
7661,15.322,2.45062
7662,15.324,2.45465
7663,15.326,2.44176
7664,15.328,2.44498
7665,15.33,2.44821
7666,15.332,2.44982
7667,15.334,2.44982
7668,15.336,2.45788
7669,15.338,2.44821
7670,15.34,2.44821
7671,15.342,2.45385
7672,15.344,2.46029
7673,15.346,2.46513
7674,15.348,2.46432
7675,15.35,2.45143
7676,15.352,2.4619
7677,15.354,2.47319
7678,15.356,2.46916
7679,15.358,2.4748
7680,15.36,2.48286
7681,15.362,2.47883
7682,15.364,2.47883
7683,15.366,2.47077
7684,15.368,2.47722
7685,15.37,2.46271
7686,15.372,2.46432
7687,15.374,2.45465
7688,15.376,2.45385
7689,15.378,2.45546
7690,15.38,2.44659
7691,15.382,2.45868
7692,15.384,2.44982
7693,15.386,2.45868
7694,15.388,2.45143
7695,15.39,2.46674
7696,15.392,2.46755
7697,15.394,2.44982
7698,15.396,2.43048
7699,15.398,2.45626
7700,15.4,2.45465
7701,15.402,2.45707
7702,15.404,2.47077
7703,15.406,2.4611
7704,15.408,2.45707
7705,15.41,2.46996
7706,15.412,2.47077
7707,15.414,2.47158
7708,15.416,2.47077
7709,15.418,2.4611
7710,15.42,2.46674
7711,15.422,2.45868
7712,15.424,2.46674
7713,15.426,2.44982
7714,15.428,2.44901
7715,15.43,2.44659
7716,15.432,2.44337
7717,15.434,2.44821
7718,15.436,2.45304
7719,15.438,2.44418
7720,15.44,2.45223
7721,15.442,2.44659
7722,15.444,2.43853
7723,15.446,2.43853
7724,15.448,2.45385
7725,15.45,2.44659
7726,15.452,2.4474
7727,15.454,2.44498
7728,15.456,2.4474
7729,15.458,2.45062
7730,15.46,2.45143
7731,15.462,2.45143
7732,15.464,2.45385
7733,15.466,2.45707
7734,15.468,2.45143
7735,15.47,2.45385
7736,15.472,2.45385
7737,15.474,2.45304
7738,15.476,2.45304
7739,15.478,2.44982
7740,15.48,2.43853
7741,15.482,2.44821
7742,15.484,2.45062
7743,15.486,2.44015
7744,15.488,2.45062
7745,15.49,2.44337
7746,15.492,2.44498
7747,15.494,2.43289
7748,15.496,2.44176
7749,15.498,2.43853
7750,15.5,2.43451
7751,15.502,2.43853
7752,15.504,2.44095
7753,15.506,2.44498
7754,15.508,2.44901
7755,15.51,2.45707
7756,15.512,2.45304
7757,15.514,2.4474
7758,15.516,2.44821
7759,15.518,2.44982
7760,15.52,2.45626
7761,15.522,2.45062
7762,15.524,2.44337
7763,15.526,2.44821
7764,15.528,2.43209
7765,15.53,2.44337
7766,15.532,2.43853
7767,15.534,2.43612
7768,15.536,2.42967
7769,15.538,2.45143
7770,15.54,2.45546
7771,15.542,2.43289
7772,15.544,2.43853
7773,15.546,2.43451
7774,15.548,2.43934
7775,15.55,2.43289
7776,15.552,2.44337
7777,15.554,2.43853
7778,15.556,2.43531
7779,15.558,2.44095
7780,15.56,2.44498
7781,15.562,2.42806
7782,15.564,2.43934
7783,15.566,2.43048
7784,15.568,2.43048
7785,15.57,2.43934
7786,15.572,2.43612
7787,15.574,2.44176
7788,15.576,2.44095
7789,15.578,2.43128
7790,15.58,2.43128
7791,15.582,2.44176
7792,15.584,2.43128
7793,15.586,2.42
7794,15.588,2.42322
7795,15.59,2.42886
7796,15.592,2.43853
7797,15.594,2.42967
7798,15.596,2.42403
7799,15.598,2.43209
7800,15.6,2.43612
7801,15.602,2.43853
7802,15.604,2.43853
7803,15.606,2.43128
7804,15.608,2.4337
7805,15.61,2.42886
7806,15.612,2.43451
7807,15.614,2.43289
7808,15.616,2.43853
7809,15.618,2.44579
7810,15.62,2.44821
7811,15.622,2.43934
7812,15.624,2.43612
7813,15.626,2.44015
7814,15.628,2.42967
7815,15.63,2.43612
7816,15.632,2.43209
7817,15.634,2.42886
7818,15.636,2.42161
7819,15.638,2.42806
7820,15.64,2.42564
7821,15.642,2.43289
7822,15.644,2.43128
7823,15.646,2.42886
7824,15.648,2.43209
7825,15.65,2.42564
7826,15.652,2.44498
7827,15.654,2.4337
7828,15.656,2.43934
7829,15.658,2.44579
7830,15.66,2.45143
7831,15.662,2.44821
7832,15.664,2.46029
7833,15.666,2.44901
7834,15.668,2.44901
7835,15.67,2.44659
7836,15.672,2.44901
7837,15.674,2.44498
7838,15.676,2.45062
7839,15.678,2.44337
7840,15.68,2.43612
7841,15.682,2.43209
7842,15.684,2.43612
7843,15.686,2.42806
7844,15.688,2.43853
7845,15.69,2.43289
7846,15.692,2.43209
7847,15.694,2.43289
7848,15.696,2.42806
7849,15.698,2.43128
7850,15.7,2.42322
7851,15.702,2.42242
7852,15.704,2.42
7853,15.706,2.43289
7854,15.708,2.43773
7855,15.71,2.43048
7856,15.712,2.43451
7857,15.714,2.43531
7858,15.716,2.44095
7859,15.718,2.44095
7860,15.72,2.43128
7861,15.722,2.44498
7862,15.724,2.4474
7863,15.726,2.45062
7864,15.728,2.44901
7865,15.73,2.43853
7866,15.732,2.44982
7867,15.734,2.45304
7868,15.736,2.45062
7869,15.738,2.44579
7870,15.74,2.44418
7871,15.742,2.43209
7872,15.744,2.4337
7873,15.746,2.43128
7874,15.748,2.41839
7875,15.75,2.42161
7876,15.752,2.43531
7877,15.754,2.43128
7878,15.756,2.4337
7879,15.758,2.43289
7880,15.76,2.44821
7881,15.762,2.44579
7882,15.764,2.44579
7883,15.766,2.44821
7884,15.768,2.44901
7885,15.77,2.45788
7886,15.772,2.44982
7887,15.774,2.45304
7888,15.776,2.45062
7889,15.778,2.44659
7890,15.78,2.44176
7891,15.782,2.45626
7892,15.784,2.45385
7893,15.786,2.44498
7894,15.788,2.44901
7895,15.79,2.42403
7896,15.792,2.42806
7897,15.794,2.44337
7898,15.796,2.43289
7899,15.798,2.43612
7900,15.8,2.43934
7901,15.802,2.43451
7902,15.804,2.43612
7903,15.806,2.43612
7904,15.808,2.44015
7905,15.81,2.44659
7906,15.812,2.43612
7907,15.814,2.43612
7908,15.816,2.45707
7909,15.818,2.45385
7910,15.82,2.44256
7911,15.822,2.44176
7912,15.824,2.43451
7913,15.826,2.44015
7914,15.828,2.44095
7915,15.83,2.44015
7916,15.832,2.44418
7917,15.834,2.43209
7918,15.836,2.42242
7919,15.838,2.42967
7920,15.84,2.44095
7921,15.842,2.43853
7922,15.844,2.43048
7923,15.846,2.43692
7924,15.848,2.43451
7925,15.85,2.43612
7926,15.852,2.43531
7927,15.854,2.43289
7928,15.856,2.44256
7929,15.858,2.45062
7930,15.86,2.45546
7931,15.862,2.45868
7932,15.864,2.46432
7933,15.866,2.44256
7934,15.868,2.45223
7935,15.87,2.45626
7936,15.872,2.45868
7937,15.874,2.4619
7938,15.876,2.45465
7939,15.878,2.44498
7940,15.88,2.45143
7941,15.882,2.4474
7942,15.884,2.44498
7943,15.886,2.43531
7944,15.888,2.44176
7945,15.89,2.44256
7946,15.892,2.43612
7947,15.894,2.44418
7948,15.896,2.43773
7949,15.898,2.43692
7950,15.9,2.43289
7951,15.902,2.42806
7952,15.904,2.43209
7953,15.906,2.43531
7954,15.908,2.44176
7955,15.91,2.43128
7956,15.912,2.44498
7957,15.914,2.46271
7958,15.916,2.45465
7959,15.918,2.46271
7960,15.92,2.46674
7961,15.922,2.45949
7962,15.924,2.46029
7963,15.926,2.4611
7964,15.928,2.46513
7965,15.93,2.46432
7966,15.932,2.46755
7967,15.934,2.45707
7968,15.936,2.45385
7969,15.938,2.46432
7970,15.94,2.44498
7971,15.942,2.45385
7972,15.944,2.44579
7973,15.946,2.45143
7974,15.948,2.45062
7975,15.95,2.45223
7976,15.952,2.44418
7977,15.954,2.44982
7978,15.956,2.45304
7979,15.958,2.45304
7980,15.96,2.45385
7981,15.962,2.48205
7982,15.964,2.46916
7983,15.966,2.46674
7984,15.968,2.4619
7985,15.97,2.47883
7986,15.972,2.47077
7987,15.974,2.46674
7988,15.976,2.46835
7989,15.978,2.4756
7990,15.98,2.45868
7991,15.982,2.44579
7992,15.984,2.44498
7993,15.986,2.43612
7994,15.988,2.43773
7995,15.99,2.44176
7996,15.992,2.44821
7997,15.994,2.44659
7998,15.996,2.45707
7999,15.998,2.46029
8000,16.0,2.46674
8001,16.002,2.48205
8002,16.004,2.48044
8003,16.006,2.48769
8004,16.008,2.48447
8005,16.01,2.47238
8006,16.012,2.47238
8007,16.014,2.4885
8008,16.016,2.48769
8009,16.018,2.50462
8010,16.02,2.48366
8011,16.022,2.47963
8012,16.024,2.48205
8013,16.026,2.50623
8014,16.028,2.5159
8015,16.03,2.52718
8016,16.032,2.5159
8017,16.034,2.5159
8018,16.036,2.5022
8019,16.038,2.51348
8020,16.04,2.50059
8021,16.042,2.5159
8022,16.044,2.50864
8023,16.046,2.503
8024,16.048,2.50059
8025,16.05,2.503
8026,16.052,2.51832
8027,16.054,2.50542
8028,16.056,2.52154
8029,16.058,2.5159
8030,16.06,2.5296
8031,16.062,2.52154
8032,16.064,2.51348
8033,16.066,2.52799
8034,16.068,2.5304
8035,16.07,2.53121
8036,16.072,2.53524
8037,16.074,2.52476
8038,16.076,2.52234
8039,16.078,2.51509
8040,16.08,2.49656
8041,16.082,2.49172
8042,16.084,2.49656
8043,16.086,2.48608
8044,16.088,2.47722
8045,16.09,2.47077
8046,16.092,2.47641
8047,16.094,2.48286
8048,16.096,2.48527
8049,16.098,2.48447
8050,16.1,2.48689
8051,16.102,2.4885
8052,16.104,2.47802
8053,16.106,2.46996
8054,16.108,2.46513
8055,16.11,2.4756
8056,16.112,2.46996
8057,16.114,2.47238
8058,16.116,2.47158
8059,16.118,2.46674
8060,16.12,2.4748
8061,16.122,2.4619
8062,16.124,2.47077
8063,16.126,2.46352
8064,16.128,2.46352
8065,16.13,2.47077
8066,16.132,2.46674
8067,16.134,2.45788
8068,16.136,2.44659
8069,16.138,2.45546
8070,16.14,2.45304
8071,16.142,2.44982
8072,16.144,2.45465
8073,16.146,2.45143
8074,16.148,2.45304
8075,16.15,2.45223
8076,16.152,2.44095
8077,16.154,2.44901
8078,16.156,2.43692
8079,16.158,2.4611
8080,16.16,2.43773
8081,16.162,2.43773
8082,16.164,2.43853
8083,16.166,2.43451
8084,16.168,2.42967
8085,16.17,2.43692
8086,16.172,2.43451
8087,16.174,2.44579
8088,16.176,2.43451
8089,16.178,2.43612
8090,16.18,2.43612
8091,16.182,2.45223
8092,16.184,2.42967
8093,16.186,2.42564
8094,16.188,2.43209
8095,16.19,2.42242
8096,16.192,2.41194
8097,16.194,2.41758
8098,16.196,2.42322
8099,16.198,2.41516
8100,16.2,2.40952
8101,16.202,2.41436
8102,16.204,2.40872
8103,16.206,2.41758
8104,16.208,2.4063
8105,16.21,2.40469
8106,16.212,2.40227
8107,16.214,2.40147
8108,16.216,2.39663
8109,16.218,2.39421
8110,16.22,2.40388
8111,16.222,2.40147
8112,16.224,2.39985
8113,16.226,2.42081
8114,16.228,2.41919
8115,16.23,2.42322
8116,16.232,2.44337
8117,16.234,2.42
8118,16.236,2.42161
8119,16.238,2.41516
8120,16.24,2.41436
8121,16.242,2.41114
8122,16.244,2.40549
8123,16.246,2.40388
8124,16.248,2.41758
8125,16.25,2.40872
8126,16.252,2.41033
8127,16.254,2.40066
8128,16.256,2.41919
8129,16.258,2.42
8130,16.26,2.41919
8131,16.262,2.42322
8132,16.264,2.40872
8133,16.266,2.41355
8134,16.268,2.41839
8135,16.27,2.4063
8136,16.272,2.39985
8137,16.274,2.39905
8138,16.276,2.41114
8139,16.278,2.40388
8140,16.28,2.43128
8141,16.282,2.43853
8142,16.284,2.42967
8143,16.286,2.42725
8144,16.288,2.42161
8145,16.29,2.42081
8146,16.292,2.42725
8147,16.294,2.41516
8148,16.296,2.41839
8149,16.298,2.42081
8150,16.3,2.41194
8151,16.302,2.41516
8152,16.304,2.42564
8153,16.306,2.40227
8154,16.308,2.41678
8155,16.31,2.42161
8156,16.312,2.41033
8157,16.314,2.41436
8158,16.316,2.42564
8159,16.318,2.42322
8160,16.32,2.40872
8161,16.322,2.41033
8162,16.324,2.41436
8163,16.326,2.41919
8164,16.328,2.40872
8165,16.33,2.41597
8166,16.332,2.42564
8167,16.334,2.41758
8168,16.336,2.40952
8169,16.338,2.40952
8170,16.34,2.4063
8171,16.342,2.4063
8172,16.344,2.40952
8173,16.346,2.41275
8174,16.348,2.40147
8175,16.35,2.41033
8176,16.352,2.39744
8177,16.354,2.40147
8178,16.356,2.39744
8179,16.358,2.41194
8180,16.36,2.39985
8181,16.362,2.40469
8182,16.364,2.40066
8183,16.366,2.39744
8184,16.368,2.40147
8185,16.37,2.40388
8186,16.372,2.41194
8187,16.374,2.41678
8188,16.376,2.42806
8189,16.378,2.43773
8190,16.38,2.42161
8191,16.382,2.43128
8192,16.384,2.42403
8193,16.386,2.42645
8194,16.388,2.44095
8195,16.39,2.45143
8196,16.392,2.45546
8197,16.394,2.45223
8198,16.396,2.44498
8199,16.398,2.44256
8200,16.4,2.45385
8201,16.402,2.46916
8202,16.404,2.45788
8203,16.406,2.47641
8204,16.408,2.47722
8205,16.41,2.4893
8206,16.412,2.48366
8207,16.414,2.49172
8208,16.416,2.47963
8209,16.418,2.49978
8210,16.42,2.49011
8211,16.422,2.49333
8212,16.424,2.503
8213,16.426,2.50784
8214,16.428,2.50462
8215,16.43,2.51993
8216,16.432,2.54249
8217,16.434,2.57634
8218,16.436,2.5981
8219,16.438,2.60857
8220,16.44,2.63516
8221,16.442,2.65289
8222,16.444,2.66982
8223,16.446,2.69802
8224,16.448,2.73187
8225,16.45,2.76491
8226,16.452,2.81326
8227,16.454,2.83824
8228,16.456,2.87128
8229,16.458,2.92689
8230,16.46,2.96799
8231,16.462,3.01714
8232,16.464,3.05341
8233,16.466,3.04696
8234,16.468,3.05663
8235,16.47,3.05341
8236,16.472,3.08645
8237,16.474,3.10256
8238,16.476,3.10901
8239,16.478,3.08
8240,16.48,3.04454
8241,16.482,3.06147
8242,16.484,3.04938
8243,16.486,3.05824
8244,16.488,3.07516
8245,16.49,3.07355
8246,16.492,3.06066
8247,16.494,3.04212
8248,16.496,2.997
8249,16.498,2.95187
8250,16.5,2.93011
8251,16.502,2.87692
8252,16.504,2.81245
8253,16.506,2.69238
8254,16.508,2.57392
8255,16.51,2.48286
8256,16.512,2.42081
8257,16.514,2.34264
8258,16.516,2.2693
8259,16.518,2.22982
8260,16.52,2.20161
8261,16.522,2.2
8262,16.524,2.18308
8263,16.526,2.15487
8264,16.528,2.11861
8265,16.53,2.0767
8266,16.532,2.05414
8267,16.534,2.00901
8268,16.536,1.94777
8269,16.538,1.90667
8270,16.54,1.88652
8271,16.542,1.87282
8272,16.544,1.86476
8273,16.546,1.8559
8274,16.548,1.86073
8275,16.55,1.86557
8276,16.552,1.86879
8277,16.554,1.87363
8278,16.556,1.89458
8279,16.558,1.93648
8280,16.56,1.95905
8281,16.562,2.01465
8282,16.564,2.0622
8283,16.566,2.10813
8284,16.568,2.14842
8285,16.57,2.18147
8286,16.572,2.22659
8287,16.574,2.27011
8288,16.576,2.3233
8289,16.578,2.37004
8290,16.58,2.40711
8291,16.582,2.42886
8292,16.584,2.42484
8293,16.586,2.43853
8294,16.588,2.4474
8295,16.59,2.44015
8296,16.592,2.43934
8297,16.594,2.44418
8298,16.596,2.44901
8299,16.598,2.45868
8300,16.6,2.45626
8301,16.602,2.46674
8302,16.604,2.47238
8303,16.606,2.46271
8304,16.608,2.47399
8305,16.61,2.48689
8306,16.612,2.49736
8307,16.614,2.48366
8308,16.616,2.48527
8309,16.618,2.4885
8310,16.62,2.48447
8311,16.622,2.49414
8312,16.624,2.49011
8313,16.626,2.50542
8314,16.628,2.49656
8315,16.63,2.49736
8316,16.632,2.50784
8317,16.634,2.51348
8318,16.636,2.51832
8319,16.638,2.51429
8320,16.64,2.51751
8321,16.642,2.503
8322,16.644,2.5159
8323,16.646,2.50462
8324,16.648,2.5167
8325,16.65,2.49253
8326,16.652,2.49172
8327,16.654,2.50945
8328,16.656,2.49978
8329,16.658,2.50462
8330,16.66,2.5159
8331,16.662,2.50059
8332,16.664,2.50703
8333,16.666,2.49978
8334,16.668,2.49011
8335,16.67,2.49011
8336,16.672,2.51993
8337,16.674,2.49253
8338,16.676,2.49253
8339,16.678,2.4885
8340,16.68,2.49978
8341,16.682,2.49011
8342,16.684,2.49333
8343,16.686,2.49011
8344,16.688,2.50864
8345,16.69,2.503
8346,16.692,2.50542
8347,16.694,2.49736
8348,16.696,2.53766
8349,16.698,2.52799
8350,16.7,2.52718
8351,16.702,2.5304
8352,16.704,2.5296
8353,16.706,2.53927
8354,16.708,2.55136
8355,16.71,2.54571
8356,16.712,2.53121
8357,16.714,2.53121
8358,16.716,2.53363
8359,16.718,2.52154
8360,16.72,2.51912
8361,16.722,2.51751
8362,16.724,2.5167
8363,16.726,2.52557
8364,16.728,2.52476
8365,16.73,2.52476
8366,16.732,2.52396
8367,16.734,2.53363
8368,16.736,2.52476
8369,16.738,2.52154
8370,16.74,2.54894
8371,16.742,2.53524
8372,16.744,2.54491
8373,16.746,2.53201
8374,16.748,2.53443
8375,16.75,2.54007
8376,16.752,2.5296
8377,16.754,2.54007
8378,16.756,2.53443
8379,16.758,2.54088
8380,16.76,2.55055
8381,16.762,2.54974
8382,16.764,2.53685
8383,16.766,2.54571
8384,16.768,2.54813
8385,16.77,2.53685
8386,16.772,2.54169
8387,16.774,2.54249
8388,16.776,2.54652
8389,16.778,2.54249
8390,16.78,2.53766
8391,16.782,2.54169
8392,16.784,2.54169
8393,16.786,2.54491
8394,16.788,2.55377
8395,16.79,2.5433
8396,16.792,2.54733
8397,16.794,2.55377
8398,16.796,2.55055
8399,16.798,2.54491
8400,16.8,2.54733
8401,16.802,2.54974
8402,16.804,2.56667
8403,16.806,2.56344
8404,16.808,2.55458
8405,16.81,2.55458
8406,16.812,2.557
8407,16.814,2.56747
8408,16.816,2.56667
8409,16.818,2.57714
8410,16.82,2.55297
8411,16.822,2.557
8412,16.824,2.55055
8413,16.826,2.55619
8414,16.828,2.55377
8415,16.83,2.54974
8416,16.832,2.56103
8417,16.834,2.56103
8418,16.836,2.56586
8419,16.838,2.54974
8420,16.84,2.55297
8421,16.842,2.56989
8422,16.844,2.55941
8423,16.846,2.5578
8424,16.848,2.5578
8425,16.85,2.557
8426,16.852,2.56586
8427,16.854,2.55538
8428,16.856,2.56183
8429,16.858,2.56989
8430,16.86,2.56989
8431,16.862,2.57714
8432,16.864,2.5852
8433,16.866,2.60051
8434,16.868,2.59568
8435,16.87,2.58037
8436,16.872,2.58278
8437,16.874,2.59165
8438,16.876,2.58842
8439,16.878,2.57956
8440,16.88,2.58198
8441,16.882,2.58117
8442,16.884,2.58681
8443,16.886,2.58601
8444,16.888,2.58278
8445,16.89,2.58278
8446,16.892,2.58117
8447,16.894,2.58681
8448,16.896,2.58601
8449,16.898,2.5852
8450,16.9,2.5989
8451,16.902,2.59084
8452,16.904,2.59568
8453,16.906,2.59487
8454,16.908,2.60696
8455,16.91,2.60535
8456,16.912,2.60374
8457,16.914,2.5989
8458,16.916,2.61582
8459,16.918,2.60615
8460,16.92,2.60212
8461,16.922,2.60132
8462,16.924,2.61341
8463,16.926,2.60132
8464,16.928,2.59568
8465,16.93,2.58762
8466,16.932,2.60051
8467,16.934,2.60938
8468,16.936,2.60938
8469,16.938,2.60777
8470,16.94,2.60938
8471,16.942,2.60051
8472,16.944,2.60696
8473,16.946,2.60615
8474,16.948,2.61582
8475,16.95,2.6126
8476,16.952,2.61582
8477,16.954,2.62227
8478,16.956,2.61905
8479,16.958,2.62227
8480,16.96,2.61502
8481,16.962,2.61744
8482,16.964,2.63597
8483,16.966,2.63355
8484,16.968,2.64564
8485,16.97,2.64242
8486,16.972,2.64725
8487,16.974,2.64484
8488,16.976,2.64242
8489,16.978,2.62791
8490,16.98,2.62791
8491,16.982,2.62549
8492,16.984,2.62711
8493,16.986,2.62549
8494,16.988,2.62227
8495,16.99,2.62791
8496,16.992,2.62308
8497,16.994,2.61502
8498,16.996,2.62469
8499,16.998,2.63114
8500,17.0,2.6263
8501,17.002,2.62711
8502,17.004,2.64161
8503,17.006,2.64403
8504,17.008,2.64242
8505,17.01,2.64725
8506,17.012,2.64081
8507,17.014,2.65531
8508,17.016,2.65531
8509,17.018,2.66337
8510,17.02,2.6674
8511,17.022,2.65773
8512,17.024,2.66659
8513,17.026,2.67465
8514,17.028,2.66821
8515,17.03,2.66901
8516,17.032,2.66659
8517,17.034,2.66256
8518,17.036,2.6674
8519,17.038,2.67546
8520,17.04,2.67788
8521,17.042,2.67465
8522,17.044,2.67868
8523,17.046,2.6811
8524,17.048,2.66982
8525,17.05,2.68835
8526,17.052,2.69158
8527,17.054,2.6819
8528,17.056,2.68996
8529,17.058,2.68674
8530,17.06,2.69802
8531,17.062,2.70769
8532,17.064,2.69963
8533,17.066,2.69238
8534,17.068,2.69802
8535,17.07,2.69722
8536,17.072,2.6956
8537,17.074,2.69077
8538,17.076,2.68835
8539,17.078,2.69722
8540,17.08,2.71172
8541,17.082,2.71253
8542,17.084,2.71414
8543,17.086,2.71575
8544,17.088,2.7085
8545,17.09,2.71253
8546,17.092,2.73106
8547,17.094,2.73026
8548,17.096,2.73106
8549,17.098,2.7222
8550,17.1,2.71817
8551,17.102,2.71575
8552,17.104,2.71817
8553,17.106,2.73106
8554,17.108,2.74234
8555,17.11,2.75443
8556,17.112,2.74154
8557,17.114,2.73993
8558,17.116,2.76088
8559,17.118,2.75121
8560,17.12,2.75121
8561,17.122,2.75363
8562,17.124,2.75766
8563,17.126,2.75121
8564,17.128,2.74557
8565,17.13,2.74154
8566,17.132,2.7359
8567,17.134,2.74234
8568,17.136,2.74799
8569,17.138,2.73993
8570,17.14,2.74154
8571,17.142,2.74234
8572,17.144,2.74315
8573,17.146,2.74154
8574,17.148,2.74396
8575,17.15,2.7496
8576,17.152,2.74799
8577,17.154,2.74557
8578,17.156,2.7367
8579,17.158,2.75201
8580,17.16,2.74396
8581,17.162,2.75121
8582,17.164,2.74476
8583,17.166,2.74476
8584,17.168,2.75282
8585,17.17,2.75846
8586,17.172,2.75121
8587,17.174,2.76249
8588,17.176,2.75443
8589,17.178,2.75685
8590,17.18,2.75443
8591,17.182,2.73993
8592,17.184,2.74234
8593,17.186,2.73993
8594,17.188,2.74154
8595,17.19,2.73106
8596,17.192,2.72864
8597,17.194,2.73187
8598,17.196,2.72864
8599,17.198,2.72945
8600,17.2,2.73751
8601,17.202,2.72784
8602,17.204,2.74799
8603,17.206,2.74073
8604,17.208,2.7633
8605,17.21,2.7496
8606,17.212,2.74396
8607,17.214,2.74073
8608,17.216,2.73993
8609,17.218,2.74799
8610,17.22,2.7367
8611,17.222,2.73509
8612,17.224,2.7359
8613,17.226,2.73832
8614,17.228,2.73993
8615,17.23,2.73751
8616,17.232,2.71897
8617,17.234,2.71333
8618,17.236,2.72059
8619,17.238,2.71575
8620,17.24,2.71656
8621,17.242,2.72059
8622,17.244,2.70286
8623,17.246,2.68755
8624,17.248,2.68835
8625,17.25,2.69641
8626,17.252,2.6956
8627,17.254,2.68835
8628,17.256,2.68835
8629,17.258,2.68916
8630,17.26,2.68674
8631,17.262,2.68916
8632,17.264,2.68593
8633,17.266,2.68593
8634,17.268,2.68835
8635,17.27,2.70125
8636,17.272,2.68352
8637,17.274,2.68271
8638,17.276,2.68432
8639,17.278,2.68755
8640,17.28,1.49568
8641,17.282,2.68432
8642,17.284,2.67062
8643,17.286,2.66337
8644,17.288,2.66015
8645,17.29,2.66337
8646,17.292,2.64886
8647,17.294,2.64725
8648,17.296,2.64967
8649,17.298,2.64806
8650,17.3,2.63919
8651,17.302,2.62469
8652,17.304,2.63033
8653,17.306,2.62308
8654,17.308,2.61744
8655,17.31,2.61905
8656,17.312,2.60857
8657,17.314,2.60696
8658,17.316,2.60212
8659,17.318,2.60454
8660,17.32,2.61824
8661,17.322,2.59729
8662,17.324,2.60615
8663,17.326,2.59971
8664,17.328,2.62066
8665,17.33,2.59729
8666,17.332,2.60293
8667,17.334,2.59004
8668,17.336,2.57634
8669,17.338,2.59004
8670,17.34,2.5852
8671,17.342,2.56908
8672,17.344,2.56183
8673,17.346,2.55458
8674,17.348,2.54491
8675,17.35,2.57956
8676,17.352,2.54813
8677,17.354,2.54894
8678,17.356,2.52315
8679,17.358,2.52315
8680,17.36,2.52154
8681,17.362,2.51912
8682,17.364,2.52718
8683,17.366,2.52718
8684,17.368,2.52718
8685,17.37,2.52073
8686,17.372,2.52476
8687,17.374,2.52637
8688,17.376,2.5304
8689,17.378,2.53121
8690,17.38,2.53443
8691,17.382,2.52718
8692,17.384,2.52718
8693,17.386,2.5304
8694,17.388,2.51912
8695,17.39,2.52879
8696,17.392,2.52476
8697,17.394,2.50864
8698,17.396,2.50542
8699,17.398,2.49897
8700,17.4,2.49333
8701,17.402,2.49575
8702,17.404,2.48366
8703,17.406,2.48286
8704,17.408,2.47077
8705,17.41,2.47399
8706,17.412,2.47722
8707,17.414,2.46996
8708,17.416,2.47077
8709,17.418,2.46029
8710,17.42,2.46835
8711,17.422,2.4748
8712,17.424,2.47158
8713,17.426,2.4885
8714,17.428,2.47641
8715,17.43,2.47963
8716,17.432,2.48608
8717,17.434,2.49253
8718,17.436,2.47722
8719,17.438,2.47238
8720,17.44,2.46916
8721,17.442,2.46432
8722,17.444,2.46755
8723,17.446,2.46674
8724,17.448,2.46352
8725,17.45,2.46996
8726,17.452,2.46755
8727,17.454,2.46755
8728,17.456,2.46029
8729,17.458,2.45062
8730,17.46,2.44256
8731,17.462,2.45143
8732,17.464,2.44256
8733,17.466,2.45385
8734,17.468,2.45949
8735,17.47,2.4474
8736,17.472,2.44659
8737,17.474,2.45304
8738,17.476,2.45385
8739,17.478,2.45868
8740,17.48,2.45465
8741,17.482,2.46029
8742,17.484,2.44982
8743,17.486,2.45546
8744,17.488,2.44901
8745,17.49,2.44982
8746,17.492,2.45143
8747,17.494,2.45465
8748,17.496,2.45788
8749,17.498,2.45788
8750,17.5,2.44176
8751,17.502,2.43289
8752,17.504,2.44418
8753,17.506,2.44256
8754,17.508,2.45143
8755,17.51,2.44821
8756,17.512,2.44256
8757,17.514,2.45788
8758,17.516,2.45546
8759,17.518,2.46432
8760,17.52,2.45868
8761,17.522,2.4619
8762,17.524,2.46674
8763,17.526,2.46029
8764,17.528,2.45707
8765,17.53,2.45788
8766,17.532,2.46674
8767,17.534,2.46432
8768,17.536,2.46755
8769,17.538,2.46029
8770,17.54,2.45788
8771,17.542,2.45385
8772,17.544,2.45223
8773,17.546,2.45223
8774,17.548,2.4611
8775,17.55,2.44982
8776,17.552,2.45304
8777,17.554,2.44498
8778,17.556,2.45304
8779,17.558,2.44579
8780,17.56,2.45385
8781,17.562,2.46352
8782,17.564,2.46029
8783,17.566,2.45062
8784,17.568,2.45385
8785,17.57,2.45143
8786,17.572,2.44256
8787,17.574,2.44337
8788,17.576,2.45788
8789,17.578,2.45788
8790,17.58,2.45465
8791,17.582,2.46432
8792,17.584,2.46674
8793,17.586,2.47802
8794,17.588,2.4748
8795,17.59,2.48608
8796,17.592,2.4893
8797,17.594,2.48366
8798,17.596,2.47077
8799,17.598,2.46835
8800,17.6,2.46593
8801,17.602,2.46996
8802,17.604,2.46755
8803,17.606,2.47238
8804,17.608,2.46916
8805,17.61,2.47319
8806,17.612,2.47319
8807,17.614,2.47399
8808,17.616,2.46996
8809,17.618,2.45385
8810,17.62,2.46029
8811,17.622,2.45546
8812,17.624,2.46755
8813,17.626,2.47158
8814,17.628,2.46513
8815,17.63,2.46996
8816,17.632,2.46513
8817,17.634,2.46513
8818,17.636,2.46674
8819,17.638,2.46996
8820,17.64,2.4619
8821,17.642,2.47319
8822,17.644,2.4756
8823,17.646,2.4748
8824,17.648,2.46593
8825,17.65,2.46513
8826,17.652,2.46432
8827,17.654,2.45949
8828,17.656,2.45143
8829,17.658,2.45868
8830,17.66,2.4611
8831,17.662,2.46352
8832,17.664,2.45788
8833,17.666,2.4611
8834,17.668,2.46432
8835,17.67,2.45949
8836,17.672,2.45465
8837,17.674,2.45143
8838,17.676,2.45626
8839,17.678,2.4474
8840,17.68,2.4619
8841,17.682,2.47158
8842,17.684,2.47963
8843,17.686,2.47802
8844,17.688,2.47077
8845,17.69,2.48447
8846,17.692,2.48286
8847,17.694,2.47238
8848,17.696,2.47399
8849,17.698,2.47963
8850,17.7,2.47319
8851,17.702,2.47238
8852,17.704,2.45868
8853,17.706,2.46432
8854,17.708,2.4474
8855,17.71,2.45385
8856,17.712,2.45385
8857,17.714,2.45385
8858,17.716,2.45304
8859,17.718,2.45626
8860,17.72,2.45143
8861,17.722,2.45143
8862,17.724,2.45304
8863,17.726,2.44418
8864,17.728,2.44256
8865,17.73,2.45143
8866,17.732,2.45143
8867,17.734,2.45465
8868,17.736,2.45465
8869,17.738,2.45788
8870,17.74,2.45868
8871,17.742,2.4619
8872,17.744,2.46593
8873,17.746,2.46513
8874,17.748,2.45546
8875,17.75,2.45626
8876,17.752,2.4619
8877,17.754,2.45385
8878,17.756,2.45385
8879,17.758,2.45707
8880,17.76,2.45385
8881,17.762,2.46432
8882,17.764,2.4474
8883,17.766,2.44659
8884,17.768,2.44982
8885,17.77,2.45385
8886,17.772,2.44579
8887,17.774,2.44256
8888,17.776,2.44176
8889,17.778,2.43451
8890,17.78,2.45868
8891,17.782,2.44498
8892,17.784,2.44015
8893,17.786,2.45465
8894,17.788,2.45062
8895,17.79,2.45385
8896,17.792,2.45707
8897,17.794,2.46029
8898,17.796,2.45868
8899,17.798,2.45143
8900,17.8,2.45062
8901,17.802,2.45626
8902,17.804,2.44498
8903,17.806,2.43853
8904,17.808,2.44176
8905,17.81,2.45143
8906,17.812,2.43128
8907,17.814,2.44498
8908,17.816,2.44498
8909,17.818,2.45062
8910,17.82,2.43934
8911,17.822,2.44418
8912,17.824,2.44659
8913,17.826,2.45223
8914,17.828,2.44579
8915,17.83,2.44418
8916,17.832,2.45868
8917,17.834,2.44095
8918,17.836,2.44982
8919,17.838,2.45868
8920,17.84,2.45868
8921,17.842,2.47238
8922,17.844,2.46352
8923,17.846,2.45626
8924,17.848,2.4611
8925,17.85,2.4619
8926,17.852,2.46029
8927,17.854,2.45223
8928,17.856,2.45223
8929,17.858,2.45223
8930,17.86,2.45143
8931,17.862,2.44095
8932,17.864,2.43612
8933,17.866,2.43289
8934,17.868,2.43612
8935,17.87,2.43853
8936,17.872,2.4337
8937,17.874,2.4337
8938,17.876,2.44256
8939,17.878,2.43853
8940,17.88,2.43128
8941,17.882,2.43289
8942,17.884,2.43128
8943,17.886,2.43612
8944,17.888,2.45465
8945,17.89,2.4474
8946,17.892,2.44498
8947,17.894,2.4474
8948,17.896,2.45143
8949,17.898,2.46674
8950,17.9,2.46432
8951,17.902,2.47238
8952,17.904,2.45707
8953,17.906,2.45707
8954,17.908,2.45304
8955,17.91,2.44579
8956,17.912,2.4474
8957,17.914,2.44498
8958,17.916,2.4474
8959,17.918,2.45143
8960,17.92,2.44821
8961,17.922,2.44579
8962,17.924,2.43934
8963,17.926,2.44982
8964,17.928,2.44256
8965,17.93,2.44256
8966,17.932,2.44498
8967,17.934,2.45385
8968,17.936,2.45062
8969,17.938,2.44901
8970,17.94,2.45143
8971,17.942,2.45385
8972,17.944,2.44821
8973,17.946,2.44821
8974,17.948,2.45546
8975,17.95,2.46513
8976,17.952,2.47399
8977,17.954,2.47319
8978,17.956,2.46593
8979,17.958,2.46271
8980,17.96,2.45304
8981,17.962,2.43451
8982,17.964,2.44256
8983,17.966,2.45949
8984,17.968,2.45304
8985,17.97,2.46432
8986,17.972,2.46674
8987,17.974,2.45868
8988,17.976,2.46029
8989,17.978,2.46029
8990,17.98,2.45546
8991,17.982,2.46029
8992,17.984,2.46593
8993,17.986,2.46996
8994,17.988,2.46835
8995,17.99,2.47238
8996,17.992,2.47319
8997,17.994,2.46271
8998,17.996,2.47238
8999,17.998,2.46271
9000,18.0,2.45868
9001,18.002,2.45465
9002,18.004,2.46029
9003,18.006,2.45788
9004,18.008,2.45385
9005,18.01,2.44821
9006,18.012,2.44418
9007,18.014,2.44659
9008,18.016,2.44982
9009,18.018,2.43612
9010,18.02,2.43853
9011,18.022,2.4474
9012,18.024,2.45143
9013,18.026,2.44821
9014,18.028,2.44579
9015,18.03,2.44579
9016,18.032,2.44498
9017,18.034,2.44176
9018,18.036,2.45385
9019,18.038,2.45304
9020,18.04,2.45788
9021,18.042,2.44256
9022,18.044,2.45385
9023,18.046,2.45062
9024,18.048,2.45465
9025,18.05,2.46755
9026,18.052,2.46271
9027,18.054,2.45546
9028,18.056,2.45223
9029,18.058,2.46352
9030,18.06,2.45707
9031,18.062,2.46352
9032,18.064,2.45788
9033,18.066,2.44418
9034,18.068,2.45143
9035,18.07,2.44418
9036,18.072,2.44498
9037,18.074,2.4474
9038,18.076,2.44095
9039,18.078,2.43289
9040,18.08,2.44095
9041,18.082,2.45304
9042,18.084,2.45385
9043,18.086,2.45465
9044,18.088,2.45304
9045,18.09,2.45546
9046,18.092,2.44579
9047,18.094,2.45949
9048,18.096,2.46755
9049,18.098,2.46996
9050,18.1,2.45949
9051,18.102,2.45949
9052,18.104,2.45868
9053,18.106,2.4611
9054,18.108,2.45304
9055,18.11,2.44659
9056,18.112,2.45385
9057,18.114,2.45304
9058,18.116,2.44095
9059,18.118,2.44982
9060,18.12,2.44418
9061,18.122,2.45788
9062,18.124,2.44418
9063,18.126,2.44256
9064,18.128,2.44579
9065,18.13,2.44982
9066,18.132,2.44821
9067,18.134,2.4474
9068,18.136,2.44659
9069,18.138,2.44337
9070,18.14,2.44901
9071,18.142,2.45868
9072,18.144,2.46513
9073,18.146,2.45626
9074,18.148,2.4611
9075,18.15,2.46513
9076,18.152,2.46432
9077,18.154,2.46432
9078,18.156,2.46513
9079,18.158,2.46755
9080,18.16,2.45223
9081,18.162,2.44821
9082,18.164,2.44418
9083,18.166,2.44659
9084,18.168,2.44498
9085,18.17,2.44256
9086,18.172,2.44095
9087,18.174,2.43612
9088,18.176,2.44095
9089,18.178,2.44579
9090,18.18,2.44821
9091,18.182,2.45385
9092,18.184,2.45707
9093,18.186,2.45788
9094,18.188,2.46352
9095,18.19,2.46513
9096,18.192,2.45385
9097,18.194,2.46352
9098,18.196,2.47802
9099,18.198,2.47399
9100,18.2,2.46513
9101,18.202,2.45868
9102,18.204,2.45868
9103,18.206,2.47319
9104,18.208,2.46029
9105,18.21,2.45465
9106,18.212,2.44901
9107,18.214,2.45385
9108,18.216,2.45223
9109,18.218,2.45385
9110,18.22,2.44659
9111,18.222,2.43451
9112,18.224,2.43451
9113,18.226,2.43612
9114,18.228,2.44095
9115,18.23,2.45465
9116,18.232,2.44659
9117,18.234,2.44498
9118,18.236,2.45788
9119,18.238,2.45788
9120,18.24,2.47077
9121,18.242,2.4619
9122,18.244,2.46674
9123,18.246,2.45385
9124,18.248,2.44901
9125,18.25,2.44498
9126,18.252,2.46432
9127,18.254,2.46835
9128,18.256,2.46513
9129,18.258,2.4619
9130,18.26,2.4611
9131,18.262,2.4474
9132,18.264,2.44982
9133,18.266,2.44821
9134,18.268,2.44579
9135,18.27,2.44256
9136,18.272,2.44579
9137,18.274,2.45949
9138,18.276,2.45223
9139,18.278,2.46674
9140,18.28,2.44176
9141,18.282,2.45143
9142,18.284,2.45304
9143,18.286,2.45707
9144,18.288,2.46513
9145,18.29,2.47319
9146,18.292,2.46755
9147,18.294,2.47399
9148,18.296,2.47883
9149,18.298,2.4748
9150,18.3,2.48447
9151,18.302,2.4893
9152,18.304,2.4748
9153,18.306,2.48447
9154,18.308,2.47722
9155,18.31,2.47883
9156,18.312,2.48286
9157,18.314,2.48447
9158,18.316,2.49253
9159,18.318,2.48689
9160,18.32,2.48608
9161,18.322,2.47722
9162,18.324,2.47722
9163,18.326,2.46513
9164,18.328,2.46916
9165,18.33,2.46996
9166,18.332,2.46271
9167,18.334,2.46996
9168,18.336,2.46996
9169,18.338,2.46835
9170,18.34,2.47399
9171,18.342,2.4748
9172,18.344,2.47802
9173,18.346,2.47399
9174,18.348,2.4885
9175,18.35,2.49656
9176,18.352,2.49897
9177,18.354,2.52073
9178,18.356,2.52234
9179,18.358,2.5296
9180,18.36,2.54088
9181,18.362,2.53766
9182,18.364,2.53443
9183,18.366,2.53443
9184,18.368,2.52396
9185,18.37,2.52476
9186,18.372,2.52234
9187,18.374,2.51832
9188,18.376,2.52637
9189,18.378,2.53201
9190,18.38,2.51912
9191,18.382,2.52234
9192,18.384,2.52476
9193,18.386,2.52879
9194,18.388,2.53685
9195,18.39,2.5304
9196,18.392,2.52879
9197,18.394,2.5296
9198,18.396,2.54088
9199,18.398,2.53524
9200,18.4,2.52799
9201,18.402,2.52718
9202,18.404,2.51026
9203,18.406,2.52396
9204,18.408,2.51832
9205,18.41,2.52396
9206,18.412,2.52396
9207,18.414,2.54169
9208,18.416,2.54007
9209,18.418,2.53604
9210,18.42,2.53604
9211,18.422,2.53604
9212,18.424,2.52154
9213,18.426,2.52718
9214,18.428,2.51026
9215,18.43,2.50623
9216,18.432,2.51267
9217,18.434,2.51106
9218,18.436,2.50381
9219,18.438,2.50945
9220,18.44,2.50623
9221,18.442,2.49978
9222,18.444,2.50784
9223,18.446,2.51267
9224,18.448,2.50945
9225,18.45,2.50945
9226,18.452,2.51106
9227,18.454,2.5167
9228,18.456,2.50381
9229,18.458,2.50864
9230,18.46,2.503
9231,18.462,2.51187
9232,18.464,2.50462
9233,18.466,2.49656
9234,18.468,2.49011
9235,18.47,2.48205
9236,18.472,2.49575
9237,18.474,2.48205
9238,18.476,2.47883
9239,18.478,2.47158
9240,18.48,2.47158
9241,18.482,2.46029
9242,18.484,2.46352
9243,18.486,2.45304
9244,18.488,2.45626
9245,18.49,2.45788
9246,18.492,2.42161
9247,18.494,2.4474
9248,18.496,2.45143
9249,18.498,2.44337
9250,18.5,2.43934
9251,18.502,2.45385
9252,18.504,2.44176
9253,18.506,2.43612
9254,18.508,2.45143
9255,18.51,2.4474
9256,18.512,2.4474
9257,18.514,2.44498
9258,18.516,2.44498
9259,18.518,2.43853
9260,18.52,2.42967
9261,18.522,2.43289
9262,18.524,2.44579
9263,18.526,2.43853
9264,18.528,2.43853
9265,18.53,2.43209
9266,18.532,2.43128
9267,18.534,2.41597
9268,18.536,2.42
9269,18.538,2.42081
9270,18.54,2.41516
9271,18.542,2.42161
9272,18.544,2.42081
9273,18.546,2.41919
9274,18.548,2.41516
9275,18.55,2.40952
9276,18.552,2.40872
9277,18.554,2.39663
9278,18.556,2.41597
9279,18.558,2.42322
9280,18.56,2.42564
9281,18.562,2.42886
9282,18.564,2.41839
9283,18.566,2.41839
9284,18.568,2.38696
9285,18.57,2.43209
9286,18.572,2.41114
9287,18.574,2.41275
9288,18.576,2.41275
9289,18.578,2.42564
9290,18.58,2.42725
9291,18.582,2.41033
9292,18.584,2.42403
9293,18.586,2.41436
9294,18.588,2.41839
9295,18.59,2.39341
9296,18.592,2.38777
9297,18.594,2.39099
9298,18.596,2.40147
9299,18.598,2.39502
9300,18.6,2.40147
9301,18.602,2.42161
9302,18.604,2.41919
9303,18.606,2.42403
9304,18.608,2.42161
9305,18.61,2.42242
9306,18.612,2.42484
9307,18.614,2.42645
9308,18.616,2.41839
9309,18.618,2.42806
9310,18.62,2.43209
9311,18.622,2.42322
9312,18.624,2.41919
9313,18.626,2.41033
9314,18.628,2.4063
9315,18.63,2.41194
9316,18.632,2.42081
9317,18.634,2.40711
9318,18.636,2.40872
9319,18.638,2.41033
9320,18.64,2.4063
9321,18.642,2.41033
9322,18.644,2.41275
9323,18.646,2.41114
9324,18.648,2.40791
9325,18.65,2.39018
9326,18.652,2.39905
9327,18.654,2.39985
9328,18.656,2.42242
9329,18.658,2.42
9330,18.66,2.4063
9331,18.662,2.41355
9332,18.664,2.40711
9333,18.666,2.4063
9334,18.668,2.42564
9335,18.67,2.42242
9336,18.672,2.42242
9337,18.674,2.42081
9338,18.676,2.41275
9339,18.678,2.41597
9340,18.68,2.41839
9341,18.682,2.41839
9342,18.684,2.41114
9343,18.686,2.42242
9344,18.688,2.43048
9345,18.69,2.42564
9346,18.692,2.43128
9347,18.694,2.44256
9348,18.696,2.42161
9349,18.698,2.41758
9350,18.7,2.42967
9351,18.702,2.42242
9352,18.704,2.41597
9353,18.706,2.40872
9354,18.708,2.42242
9355,18.71,2.42
9356,18.712,2.43451
9357,18.714,2.43048
9358,18.716,2.42242
9359,18.718,2.43209
9360,18.72,2.44176
9361,18.722,2.43289
9362,18.724,2.42322
9363,18.726,2.42484
9364,18.728,2.42322
9365,18.73,2.42242
9366,18.732,2.43209
9367,18.734,2.42403
9368,18.736,2.41919
9369,18.738,2.42161
9370,18.74,2.42403
9371,18.742,2.41033
9372,18.744,2.43853
9373,18.746,2.43853
9374,18.748,2.42967
9375,18.75,2.42886
9376,18.752,2.43934
9377,18.754,2.43853
9378,18.756,2.44176
9379,18.758,2.44256
9380,18.76,2.4474
9381,18.762,2.45143
9382,18.764,2.46593
9383,18.766,2.48044
9384,18.768,2.50945
9385,18.77,2.49092
9386,18.772,2.49495
9387,18.774,2.49253
9388,18.776,2.49011
9389,18.778,2.49897
9390,18.78,2.49656
9391,18.782,2.50462
9392,18.784,2.48769
9393,18.786,2.50462
9394,18.788,2.50945
9395,18.79,2.51267
9396,18.792,2.5433
9397,18.794,2.55538
9398,18.796,2.5852
9399,18.798,2.59326
9400,18.8,2.61663
9401,18.802,2.63678
9402,18.804,2.65853
9403,18.806,2.69077
9404,18.808,2.71656
9405,18.81,2.77297
9406,18.812,2.81648
9407,18.814,2.85678
9408,18.816,2.90432
9409,18.818,2.94945
9410,18.82,3.00586
9411,18.822,3.06147
9412,18.824,3.1211
9413,18.826,3.15092
9414,18.828,3.15011
9415,18.83,3.18234
9416,18.832,3.18637
9417,18.834,3.22103
9418,18.836,3.2315
9419,18.838,3.22586
9420,18.84,3.19443
9421,18.842,3.17831
9422,18.844,3.163
9423,18.846,3.18073
9424,18.848,3.15656
9425,18.85,3.15333
9426,18.852,3.14125
9427,18.854,3.11626
9428,18.856,3.07678
9429,18.858,3.01311
9430,18.86,2.96557
9431,18.862,2.92527
9432,18.864,2.85839
9433,18.866,2.73912
9434,18.868,2.6126
9435,18.87,2.54813
9436,18.872,2.47319
9437,18.874,2.36278
9438,18.876,2.29348
9439,18.878,2.23546
9440,18.88,2.18066
9441,18.882,2.15487
9442,18.884,2.14601
9443,18.886,2.12103
9444,18.888,2.08637
9445,18.89,2.04125
9446,18.892,2.00982
9447,18.894,1.94293
9448,18.896,1.8841
9449,18.898,1.83817
9450,18.9,1.79949
9451,18.902,1.77531
9452,18.904,1.74872
9453,18.906,1.74872
9454,18.908,1.7326
9455,18.91,1.75436
9456,18.912,1.77773
9457,18.914,1.79385
9458,18.916,1.82366
9459,18.918,1.86154
9460,18.92,1.88652
9461,18.922,1.94132
9462,18.924,2.00015
9463,18.926,2.04608
9464,18.928,2.09685
9465,18.93,2.14601
9466,18.932,2.19194
9467,18.934,2.25158
9468,18.936,2.29348
9469,18.938,2.33861
9470,18.94,2.39018
9471,18.942,2.41114
9472,18.944,2.44498
9473,18.946,2.44015
9474,18.948,2.45788
9475,18.95,2.4611
9476,18.952,2.47158
9477,18.954,2.46432
9478,18.956,2.46674
9479,18.958,2.46916
9480,18.96,2.4748
9481,18.962,2.46513
9482,18.964,2.48205
9483,18.966,2.46513
9484,18.968,2.47963
9485,18.97,2.48366
9486,18.972,2.50139
9487,18.974,2.49978
9488,18.976,2.503
9489,18.978,2.50462
9490,18.98,2.5159
9491,18.982,2.51026
9492,18.984,2.5167
9493,18.986,2.51267
9494,18.988,2.51348
9495,18.99,2.5159
9496,18.992,2.52396
9497,18.994,2.50542
9498,18.996,2.50059
9499,18.998,2.51026
9500,19.0,2.50784
9501,19.002,2.50462
9502,19.004,2.50623
9503,19.006,2.503
9504,19.008,2.50542
9505,19.01,2.503
9506,19.012,2.503
9507,19.014,2.50703
9508,19.016,2.50945
9509,19.018,2.50059
9510,19.02,2.50462
9511,19.022,2.48366
9512,19.024,2.51026
9513,19.026,2.51187
9514,19.028,2.51509
9515,19.03,2.51348
9516,19.032,2.5167
9517,19.034,2.52396
9518,19.036,2.53443
9519,19.038,2.53121
9520,19.04,2.53363
9521,19.042,2.5304
9522,19.044,2.53363
9523,19.046,2.5304
9524,19.048,2.52476
9525,19.05,2.52073
9526,19.052,2.52718
9527,19.054,2.52879
9528,19.056,2.52396
9529,19.058,2.52234
9530,19.06,2.52637
9531,19.062,2.53201
9532,19.064,2.51509
9533,19.066,2.51832
9534,19.068,2.52799
9535,19.07,2.52154
9536,19.072,2.51832
9537,19.074,2.52557
9538,19.076,2.52234
9539,19.078,2.52637
9540,19.08,2.51187
9541,19.082,2.5167
9542,19.084,2.5304
9543,19.086,2.53121
9544,19.088,2.53766
9545,19.09,2.53443
9546,19.092,2.53443
9547,19.094,2.53201
9548,19.096,2.51348
9549,19.098,2.52879
9550,19.1,2.53927
9551,19.102,2.53766
9552,19.104,2.53201
9553,19.106,2.53524
9554,19.108,2.53201
9555,19.11,2.52154
9556,19.112,2.53282
9557,19.114,2.51832
9558,19.116,2.52315
9559,19.118,2.52718
9560,19.12,2.53201
9561,19.122,2.53846
9562,19.124,2.53766
9563,19.126,2.53604
9564,19.128,2.54169
9565,19.13,2.53766
9566,19.132,2.54974
9567,19.134,2.54571
9568,19.136,2.56344
9569,19.138,2.557
9570,19.14,2.54974
9571,19.142,2.55216
9572,19.144,2.54813
9573,19.146,2.55055
9574,19.148,2.55458
9575,19.15,2.56103
9576,19.152,2.55619
9577,19.154,2.56022
9578,19.156,2.557
9579,19.158,2.557
9580,19.16,2.55216
9581,19.162,2.54491
9582,19.164,2.55055
9583,19.166,2.54249
9584,19.168,2.5441
9585,19.17,2.54894
9586,19.172,2.54974
9587,19.174,2.54491
9588,19.176,2.54894
9589,19.178,2.55458
9590,19.18,2.54813
9591,19.182,2.56103
9592,19.184,2.55861
9593,19.186,2.56908
9594,19.188,2.56183
9595,19.19,2.56344
9596,19.192,2.56747
9597,19.194,2.56667
9598,19.196,2.56667
9599,19.198,2.56586
9600,19.2,2.56989
9601,19.202,2.56505
9602,19.204,2.56828
9603,19.206,2.57392
9604,19.208,2.56747
9605,19.21,2.57875
9606,19.212,2.56505
9607,19.214,2.56747
9608,19.216,2.56747
9609,19.218,2.56183
9610,19.22,2.56747
9611,19.222,2.57311
9612,19.224,2.56103
9613,19.226,2.57553
9614,19.228,2.56505
9615,19.23,2.57875
9616,19.232,2.58359
9617,19.234,2.57553
9618,19.236,2.56505
9619,19.238,2.56989
9620,19.24,2.58359
9621,19.242,2.58117
9622,19.244,2.58681
9623,19.246,2.59326
9624,19.248,2.58359
9625,19.25,2.58762
9626,19.252,2.60212
9627,19.254,2.59568
9628,19.256,2.58601
9629,19.258,2.58117
9630,19.26,2.60535
9631,19.262,2.58923
9632,19.264,2.58923
9633,19.266,2.58278
9634,19.268,2.59165
9635,19.27,2.5989
9636,19.272,2.59487
9637,19.274,2.59084
9638,19.276,2.59245
9639,19.278,2.59245
9640,19.28,2.58923
9641,19.282,2.60132
9642,19.284,2.62549
9643,19.286,2.60212
9644,19.288,2.61018
9645,19.29,2.60615
9646,19.292,2.61179
9647,19.294,2.61582
9648,19.296,2.62872
9649,19.298,2.61905
9650,19.3,2.61502
9651,19.302,2.62791
9652,19.304,2.62227
9653,19.306,2.62469
9654,19.308,2.62791
9655,19.31,2.62791
9656,19.312,2.62388
9657,19.314,2.62549
9658,19.316,2.62308
9659,19.318,2.62711
9660,19.32,2.63355
9661,19.322,2.62711
9662,19.324,2.61663
9663,19.326,2.63355
9664,19.328,2.62066
9665,19.33,2.61985
9666,19.332,2.63114
9667,19.334,2.63436
9668,19.336,2.63194
9669,19.338,2.62388
9670,19.34,2.63839
9671,19.342,2.63436
9672,19.344,2.63516
9673,19.346,2.63919
9674,19.348,2.64242
9675,19.35,2.65128
9676,19.352,2.66015
9677,19.354,2.65612
9678,19.356,2.65773
9679,19.358,2.66659
9680,19.36,2.66015
9681,19.362,2.65934
9682,19.364,2.66418
9683,19.366,2.6537
9684,19.368,2.66256
9685,19.37,2.66337
9686,19.372,2.65773
9687,19.374,2.6674
9688,19.376,2.67062
9689,19.378,2.6674
9690,19.38,2.66659
9691,19.382,2.67223
9692,19.384,2.67062
9693,19.386,2.66579
9694,19.388,2.65853
9695,19.39,2.66095
9696,19.392,2.67385
9697,19.394,2.67385
9698,19.396,2.67304
9699,19.398,2.67949
9700,19.4,2.68835
9701,19.402,2.68029
9702,19.404,2.68432
9703,19.406,2.68835
9704,19.408,2.68432
9705,19.41,2.68916
9706,19.412,2.68513
9707,19.414,2.68916
9708,19.416,2.69077
9709,19.418,2.6956
9710,19.42,2.70689
9711,19.422,2.70044
9712,19.424,2.70125
9713,19.426,2.70044
9714,19.428,2.70527
9715,19.43,2.70608
9716,19.432,2.71092
9717,19.434,2.7222
9718,19.436,2.71172
9719,19.438,2.71575
9720,19.44,2.71495
9721,19.442,2.73429
9722,19.444,2.72864
9723,19.446,2.73509
9724,19.448,2.7504
9725,19.45,2.7504
9726,19.452,2.75201
9727,19.454,2.76249
9728,19.456,2.76249
9729,19.458,2.7504
9730,19.46,2.75121
9731,19.462,2.74234
9732,19.464,2.75685
9733,19.466,2.75363
9734,19.468,2.74799
9735,19.47,2.74396
9736,19.472,2.75363
9737,19.474,2.74396
9738,19.476,2.75846
9739,19.478,2.7641
9740,19.48,2.75766
9741,19.482,2.76652
9742,19.484,2.7641
9743,19.486,2.75846
9744,19.488,2.78022
9745,19.49,2.77216
9746,19.492,2.77216
9747,19.494,2.76733
9748,19.496,2.78264
9749,19.498,2.78103
9750,19.5,2.78022
9751,19.502,2.78667
9752,19.504,2.78103
9753,19.506,2.78183
9754,19.508,2.77861
9755,19.51,2.78425
9756,19.512,2.7915
9757,19.514,2.78908
9758,19.516,2.79392
9759,19.518,2.78747
9760,19.52,2.78667
9761,19.522,2.77619
9762,19.524,2.7915
9763,19.526,2.78425
9764,19.528,2.78022
9765,19.53,2.78667
9766,19.532,2.77458
9767,19.534,2.76733
9768,19.536,2.77136
9769,19.538,2.77861
9770,19.54,2.76974
9771,19.542,2.76813
9772,19.544,2.77538
9773,19.546,2.76652
9774,19.548,2.76007
9775,19.55,2.76491
9776,19.552,2.77377
9777,19.554,2.79956
9778,19.556,2.76974
9779,19.558,2.77941
9780,19.56,2.77619
9781,19.562,2.78828
9782,19.564,2.77619
9783,19.566,2.77619
9784,19.568,2.78264
9785,19.57,2.777
9786,19.572,2.78103
9787,19.574,2.76974
9788,19.576,2.77941
9789,19.578,2.77458
9790,19.58,2.77136
9791,19.582,2.77297
9792,19.584,2.76249
9793,19.586,2.74879
9794,19.588,2.75282
9795,19.59,2.75282
9796,19.592,2.74396
9797,19.594,2.74073
9798,19.596,2.75363
9799,19.598,2.75363
9800,19.6,2.74396
9801,19.602,2.75363
9802,19.604,2.74799
9803,19.606,2.74557
9804,19.608,2.75604
9805,19.61,2.75443
9806,19.612,2.75524
9807,19.614,2.74557
9808,19.616,2.74154
9809,19.618,2.74234
9810,19.62,2.74073
9811,19.622,2.73832
9812,19.624,2.72462
9813,19.626,2.72945
9814,19.628,2.72462
9815,19.63,2.71736
9816,19.632,2.71011
9817,19.634,2.70769
9818,19.636,2.70286
9819,19.638,2.69883
9820,19.64,2.69238
9821,19.642,2.69238
9822,19.644,2.69238
9823,19.646,2.6819
9824,19.648,2.67707
9825,19.65,2.67546
9826,19.652,2.67868
9827,19.654,2.67223
9828,19.656,2.66901
9829,19.658,2.66821
9830,19.66,2.66498
9831,19.662,2.67223
9832,19.664,2.67062
9833,19.666,2.66659
9834,19.668,2.6674
9835,19.67,2.65209
9836,19.672,2.65289
9837,19.674,2.65612
9838,19.676,2.64081
9839,19.678,2.63839
9840,19.68,2.60696
9841,19.682,2.62711
9842,19.684,2.61985
9843,19.686,2.61582
9844,19.688,2.59407
9845,19.69,2.59568
9846,19.692,2.59568
9847,19.694,2.59648
9848,19.696,2.59487
9849,19.698,2.57956
9850,19.7,2.59004
9851,19.702,2.59165
9852,19.704,2.57714
9853,19.706,2.58359
9854,19.708,2.5707
9855,19.71,2.57392
9856,19.712,2.57311
9857,19.714,2.58278
9858,19.716,2.57634
9859,19.718,2.56989
9860,19.72,2.56828
9861,19.722,2.56828
9862,19.724,2.56505
9863,19.726,2.55458
9864,19.728,2.56103
9865,19.73,2.54733
9866,19.732,2.53927
9867,19.734,2.54491
9868,19.736,2.53363
9869,19.738,2.5433
9870,19.74,2.5441
9871,19.742,2.5304
9872,19.744,2.52637
9873,19.746,2.51026
9874,19.748,2.51429
9875,19.75,2.50784
9876,19.752,2.50542
9877,19.754,2.51348
9878,19.756,2.5022
9879,19.758,2.50542
9880,19.76,2.50462
9881,19.762,2.503
9882,19.764,2.49172
9883,19.766,2.503
9884,19.768,2.49978
9885,19.77,2.5022
9886,19.772,2.49253
9887,19.774,2.4893
9888,19.776,2.47963
9889,19.778,2.49011
9890,19.78,2.47399
9891,19.782,2.46593
9892,19.784,2.47319
9893,19.786,2.4756
9894,19.788,2.46674
9895,19.79,2.46432
9896,19.792,2.46432
9897,19.794,2.45788
9898,19.796,2.46835
9899,19.798,2.46674
9900,19.8,2.44176
9901,19.802,2.44579
9902,19.804,2.45304
9903,19.806,2.4619
9904,19.808,2.45707
9905,19.81,2.47238
9906,19.812,2.46432
9907,19.814,2.45788
9908,19.816,2.46029
9909,19.818,2.46029
9910,19.82,2.45788
9911,19.822,2.47077
9912,19.824,2.47319
9913,19.826,2.46996
9914,19.828,2.4619
9915,19.83,2.4611
9916,19.832,2.45546
9917,19.834,2.45062
9918,19.836,2.45143
9919,19.838,2.44821
9920,19.84,2.44256
9921,19.842,2.45788
9922,19.844,2.45143
9923,19.846,2.46835
9924,19.848,2.45707
9925,19.85,2.44901
9926,19.852,2.45304
9927,19.854,2.45304
9928,19.856,2.44095
9929,19.858,2.45143
9930,19.86,2.44901
9931,19.862,2.45707
9932,19.864,2.4611
9933,19.866,2.4619
9934,19.868,2.45788
9935,19.87,2.4619
9936,19.872,2.45788
9937,19.874,2.46916
9938,19.876,2.47399
9939,19.878,2.47077
9940,19.88,2.46674
9941,19.882,2.46432
9942,19.884,2.45707
9943,19.886,2.4619
9944,19.888,2.4611
9945,19.89,2.46352
9946,19.892,2.45868
9947,19.894,2.45304
9948,19.896,2.45788
9949,19.898,2.44901
9950,19.9,2.44982
9951,19.902,2.4474
9952,19.904,2.45385
9953,19.906,2.43934
9954,19.908,2.44659
9955,19.91,2.4474
9956,19.912,2.4474
9957,19.914,2.46352
9958,19.916,2.45868
9959,19.918,2.45788
9960,19.92,2.45385
9961,19.922,2.46513
9962,19.924,2.46029
9963,19.926,2.46432
9964,19.928,2.45788
9965,19.93,2.46835
9966,19.932,2.46755
9967,19.934,2.46674
9968,19.936,2.45465
9969,19.938,2.45546
9970,19.94,2.44256
9971,19.942,2.45868
9972,19.944,2.45304
9973,19.946,2.45062
9974,19.948,2.45304
9975,19.95,2.44579
9976,19.952,2.45143
9977,19.954,2.44337
9978,19.956,2.43531
9979,19.958,2.45143
9980,19.96,2.43128
9981,19.962,2.44176
9982,19.964,2.44498
9983,19.966,2.45788
9984,19.968,2.44659
9985,19.97,2.4474
9986,19.972,2.44256
9987,19.974,2.44418
9988,19.976,2.45304
9989,19.978,2.45465
9990,19.98,2.47399
9991,19.982,2.47158
9992,19.984,2.45223
9993,19.986,2.43451
9994,19.988,2.44901
9995,19.99,2.44982
9996,19.992,2.44659
9997,19.994,2.44176
9998,19.996,2.44337
9999,19.998,2.44176
10000,20.0,2.44659
10001,20.002,2.44095
10002,20.004,2.45304
10003,20.006,2.45626
10004,20.008,2.44418
10005,20.01,2.44498
10006,20.012,2.45304
10007,20.014,2.45465
10008,20.016,2.47238
10009,20.018,2.4619
10010,20.02,2.46432
10011,20.022,2.46352
10012,20.024,2.45788
10013,20.026,2.47158
10014,20.028,2.46674
10015,20.03,2.47722
10016,20.032,2.47319
10017,20.034,2.47722
10018,20.036,2.46996
10019,20.038,2.47722
10020,20.04,2.47963
10021,20.042,2.47641
10022,20.044,2.47802
10023,20.046,2.45546
10024,20.048,2.46029
10025,20.05,2.46029
10026,20.052,2.45465
10027,20.054,2.45143
10028,20.056,2.46271
10029,20.058,2.45143
10030,20.06,2.44982
10031,20.062,2.44901
10032,20.064,2.44095
10033,20.066,2.44901
10034,20.068,2.45143
10035,20.07,2.45385
10036,20.072,2.45788
10037,20.074,2.45143
10038,20.076,2.44579
10039,20.078,2.45223
10040,20.08,2.45788
10041,20.082,2.45465
10042,20.084,2.47077
10043,20.086,2.46029
10044,20.088,2.47077
10045,20.09,2.45062
10046,20.092,2.44579
10047,20.094,2.45223
10048,20.096,2.45223
10049,20.098,2.4474
10050,20.1,2.43853
10051,20.102,2.45143
10052,20.104,2.44418
10053,20.106,2.43048
10054,20.108,2.43773
10055,20.11,2.44659
10056,20.112,2.44498
10057,20.114,2.44256
10058,20.116,2.44659
10059,20.118,2.43692
10060,20.12,2.43692
10061,20.122,2.44176
10062,20.124,2.44901
10063,20.126,2.44982
10064,20.128,2.44579
10065,20.13,2.44659
10066,20.132,2.45626
10067,20.134,2.44176
10068,20.136,2.45707
10069,20.138,2.45385
10070,20.14,2.45868
10071,20.142,2.45465
10072,20.144,2.44498
10073,20.146,2.43853
10074,20.148,2.43853
10075,20.15,2.44901
10076,20.152,2.42564
10077,20.154,2.42564
10078,20.156,2.43934
10079,20.158,2.43853
10080,20.16,2.45062
10081,20.162,2.43853
10082,20.164,2.43612
10083,20.166,2.43289
10084,20.168,2.42886
10085,20.17,2.43773
10086,20.172,2.43773
10087,20.174,2.44095
10088,20.176,2.44095
10089,20.178,2.44337
10090,20.18,2.44418
10091,20.182,2.4619
10092,20.184,2.44498
10093,20.186,2.44498
10094,20.188,2.44901
10095,20.19,2.44337
10096,20.192,2.43934
10097,20.194,2.42967
10098,20.196,2.43773
10099,20.198,2.44498
10100,20.2,2.43209
10101,20.202,2.43289
10102,20.204,2.43612
10103,20.206,2.43128
10104,20.208,2.42564
10105,20.21,2.41758
10106,20.212,2.41516
10107,20.214,2.41516
10108,20.216,2.42806
10109,20.218,2.43853
10110,20.22,2.44498
10111,20.222,2.43773
10112,20.224,2.44418
10113,20.226,2.44095
10114,20.228,2.44579
10115,20.23,2.45707
10116,20.232,2.44418
10117,20.234,2.43853
10118,20.236,2.44982
10119,20.238,2.43934
10120,20.24,2.42967
10121,20.242,2.43853
10122,20.244,2.42484
10123,20.246,2.41758
10124,20.248,2.42
10125,20.25,2.42484
10126,20.252,2.42161
10127,20.254,2.42161
10128,20.256,2.41516
10129,20.258,2.40791
10130,20.26,2.40549
10131,20.262,2.40872
10132,20.264,2.40549
10133,20.266,2.41597
10134,20.268,2.41436
10135,20.27,2.40227
10136,20.272,2.41114
10137,20.274,2.43128
10138,20.276,2.42322
10139,20.278,2.42242
10140,20.28,2.42725
10141,20.282,2.42645
10142,20.284,2.44982
10143,20.286,2.45143
10144,20.288,2.44256
10145,20.29,2.44982
10146,20.292,2.43451
10147,20.294,2.44176
10148,20.296,2.43289
10149,20.298,2.43773
10150,20.3,2.43853
10151,20.302,2.44176
10152,20.304,2.44982
10153,20.306,2.43853
10154,20.308,2.43048
10155,20.31,2.43451
10156,20.312,2.43209
10157,20.314,2.43128
10158,20.316,2.41516
10159,20.318,2.40872
10160,20.32,2.41275
10161,20.322,2.41275
10162,20.324,2.41114
10163,20.326,2.41758
10164,20.328,2.41275
10165,20.33,2.40147
10166,20.332,2.42
10167,20.334,2.43128
10168,20.336,2.43853
10169,20.338,2.42806
10170,20.34,2.42564
10171,20.342,2.43451
10172,20.344,2.42967
10173,20.346,2.43289
10174,20.348,2.42564
10175,20.35,2.42081
10176,20.352,2.42161
10177,20.354,2.41678
10178,20.356,2.43289
10179,20.358,2.42
10180,20.36,2.41758
10181,20.362,2.42886
10182,20.364,2.42645
10183,20.366,2.42484
10184,20.368,2.42484
10185,20.37,2.42242
10186,20.372,2.42242
10187,20.374,2.42161
10188,20.376,2.43048
10189,20.378,2.42725
10190,20.38,2.43048
10191,20.382,2.42725
10192,20.384,2.42725
10193,20.386,2.42403
10194,20.388,2.42322
10195,20.39,2.42725
10196,20.392,2.42081
10197,20.394,2.43451
10198,20.396,2.43289
10199,20.398,2.42322
10200,20.4,2.41033
10201,20.402,2.42
10202,20.404,2.42
10203,20.406,2.41516
10204,20.408,2.4337
10205,20.41,2.42403
10206,20.412,2.41275
10207,20.414,2.42081
10208,20.416,2.41436
10209,20.418,2.40147
10210,20.42,2.40227
10211,20.422,2.41758
10212,20.424,2.42161
10213,20.426,2.41839
10214,20.428,2.41678
10215,20.43,2.41033
10216,20.432,2.41194
10217,20.434,2.41436
10218,20.436,2.41839
10219,20.438,2.42161
10220,20.44,2.42484
10221,20.442,2.43934
10222,20.444,2.43289
10223,20.446,2.43128
10224,20.448,2.42081
10225,20.45,2.41275
10226,20.452,2.41275
10227,20.454,2.41114
10228,20.456,2.41516
10229,20.458,2.41516
10230,20.46,2.42322
10231,20.462,2.42645
10232,20.464,2.42081
10233,20.466,2.42322
10234,20.468,2.42564
10235,20.47,2.42322
10236,20.472,2.42967
10237,20.474,2.4337
10238,20.476,2.42403
10239,20.478,2.42161
10240,20.48,2.42564
10241,20.482,2.43289
10242,20.484,2.42725
10243,20.486,2.43048
10244,20.488,2.42725
10245,20.49,2.43451
10246,20.492,2.42886
10247,20.494,2.43048
10248,20.496,2.44418
10249,20.498,2.42806
10250,20.5,2.42161
10251,20.502,2.42725
10252,20.504,2.43048
10253,20.506,2.42564
10254,20.508,2.41758
10255,20.51,2.43128
10256,20.512,2.41436
10257,20.514,2.42322
10258,20.516,2.41114
10259,20.518,2.41839
10260,20.52,2.41758
10261,20.522,2.41919
10262,20.524,2.42081
10263,20.526,2.42161
10264,20.528,2.42161
10265,20.53,2.42806
10266,20.532,2.43692
10267,20.534,2.42564
10268,20.536,2.42967
10269,20.538,2.43128
10270,20.54,2.43209
10271,20.542,2.42645
10272,20.544,2.44498
10273,20.546,2.42322
10274,20.548,2.42484
10275,20.55,2.42725
10276,20.552,2.42081
10277,20.554,2.42967
10278,20.556,2.41275
10279,20.558,2.41033
10280,20.56,2.41516
10281,20.562,2.42242
10282,20.564,2.41919
10283,20.566,2.4063
10284,20.568,2.41516
10285,20.57,2.41516
10286,20.572,2.40711
10287,20.574,2.40872
10288,20.576,2.42161
10289,20.578,2.41678
10290,20.58,2.41355
10291,20.582,2.42242
10292,20.584,2.42645
10293,20.586,2.42564
10294,20.588,2.43531
10295,20.59,2.43853
10296,20.592,2.44821
10297,20.594,2.45062
10298,20.596,2.44176
10299,20.598,2.44176
10300,20.6,2.44176
10301,20.602,2.44015
10302,20.604,2.43289
10303,20.606,2.43612
10304,20.608,2.42403
10305,20.61,2.42806
10306,20.612,2.43612
10307,20.614,2.43451
10308,20.616,2.42645
10309,20.618,2.42081
10310,20.62,2.41516
10311,20.622,2.42645
10312,20.624,2.42564
10313,20.626,2.42886
10314,20.628,2.43612
10315,20.63,2.43612
10316,20.632,2.42564
10317,20.634,2.42806
10318,20.636,2.42161
10319,20.638,2.42725
10320,20.64,2.43289
10321,20.642,2.44176
10322,20.644,2.44176
10323,20.646,2.43209
10324,20.648,2.43209
10325,20.65,2.43692
10326,20.652,2.42806
10327,20.654,2.42161
10328,20.656,2.42806
10329,20.658,2.44337
10330,20.66,2.44015
10331,20.662,2.44982
10332,20.664,2.43853
10333,20.666,2.43692
10334,20.668,2.44659
10335,20.67,2.44418
10336,20.672,2.44982
10337,20.674,2.43853
10338,20.676,2.45385
10339,20.678,2.44256
10340,20.68,2.45304
10341,20.682,2.45465
10342,20.684,2.4619
10343,20.686,2.46593
10344,20.688,2.46432
10345,20.69,2.47883
10346,20.692,2.4619
10347,20.694,2.46029
10348,20.696,2.46674
10349,20.698,2.46916
10350,20.7,2.47883
10351,20.702,2.45707
10352,20.704,2.46674
10353,20.706,2.44498
10354,20.708,2.46432
10355,20.71,2.45304
10356,20.712,2.45707
10357,20.714,2.45143
10358,20.716,2.44982
10359,20.718,2.45062
10360,20.72,2.45143
10361,20.722,2.44821
10362,20.724,2.45143
10363,20.726,2.44982
10364,20.728,2.45062
10365,20.73,2.46271
10366,20.732,2.46916
10367,20.734,2.46352
10368,20.736,2.46916
10369,20.738,2.46271
10370,20.74,2.46352
10371,20.742,2.45304
10372,20.744,2.46674
10373,20.746,2.47077
10374,20.748,2.47641
10375,20.75,2.47883
10376,20.752,2.4885
10377,20.754,2.49011
10378,20.756,2.51026
10379,20.758,2.50945
10380,20.76,2.51026
10381,20.762,2.51026
10382,20.764,2.51348
10383,20.766,2.51832
10384,20.768,2.49817
10385,20.77,2.503
10386,20.772,2.51267
10387,20.774,2.51187
10388,20.776,2.52154
10389,20.778,2.52396
10390,20.78,2.52799
10391,20.782,2.52476
10392,20.784,2.5167
10393,20.786,2.52718
10394,20.788,2.5304
10395,20.79,2.52879
10396,20.792,2.52234
10397,20.794,2.52476
10398,20.796,2.5296
10399,20.798,2.52476
10400,20.8,2.52234
10401,20.802,2.52879
10402,20.804,2.51832
10403,20.806,2.50542
10404,20.808,2.50864
10405,20.81,2.51912
10406,20.812,2.52476
10407,20.814,2.51832
10408,20.816,2.52234
10409,20.818,2.51187
10410,20.82,2.51348
10411,20.822,2.50623
10412,20.824,2.503
10413,20.826,2.503
10414,20.828,2.49656
10415,20.83,2.50542
10416,20.832,2.5022
10417,20.834,2.50139
10418,20.836,2.49414
10419,20.838,2.49011
10420,20.84,2.49414
10421,20.842,2.49575
10422,20.844,2.49736
10423,20.846,2.49414
10424,20.848,2.50059
10425,20.85,2.49978
10426,20.852,2.49253
10427,20.854,2.4885
10428,20.856,2.4748
10429,20.858,2.47399
10430,20.86,2.46755
10431,20.862,2.46432
10432,20.864,2.46674
10433,20.866,2.4756
10434,20.868,2.46916
10435,20.87,2.4619
10436,20.872,2.4619
10437,20.874,2.46271
10438,20.876,2.45465
10439,20.878,2.44821
10440,20.88,2.4474
10441,20.882,2.44901
10442,20.884,2.44095
10443,20.886,2.45707
10444,20.888,2.45304
10445,20.89,2.43934
10446,20.892,2.45143
10447,20.894,2.43934
10448,20.896,2.43853
10449,20.898,2.43853
10450,20.9,2.44176
10451,20.902,2.44418
10452,20.904,2.42564
10453,20.906,2.42645
10454,20.908,2.42161
10455,20.91,2.42
10456,20.912,2.41919
10457,20.914,2.41275
10458,20.916,2.41275
10459,20.918,2.43612
10460,20.92,2.43128
10461,20.922,2.42161
10462,20.924,2.41516
10463,20.926,2.40872
10464,20.928,2.41516
10465,20.93,2.42081
10466,20.932,2.40388
10467,20.934,2.41839
10468,20.936,2.41678
10469,20.938,2.39985
10470,20.94,2.40872
10471,20.942,2.40549
10472,20.944,2.42403
10473,20.946,2.42564
10474,20.948,2.40872
10475,20.95,2.39582
10476,20.952,2.40227
10477,20.954,2.40147
10478,20.956,2.39341
10479,20.958,2.39099
10480,20.96,2.39341
10481,20.962,2.39018
10482,20.964,2.39824
10483,20.966,2.38857
10484,20.968,2.40147
10485,20.97,2.41597
10486,20.972,2.38938
10487,20.974,2.39421
10488,20.976,2.39341
10489,20.978,2.38938
10490,20.98,2.38857
10491,20.982,2.38777
10492,20.984,2.39502
10493,20.986,2.39582
10494,20.988,2.3926
10495,20.99,2.39744
10496,20.992,2.41355
10497,20.994,2.41919
10498,20.996,2.4063
10499,20.998,2.39744
10500,21.0,2.38938
10501,21.002,2.39905
10502,21.004,2.4063
10503,21.006,2.40711
10504,21.008,2.40308
10505,21.01,2.38293
10506,21.012,2.39099
10507,21.014,2.39582
10508,21.016,2.38938
10509,21.018,2.38374
10510,21.02,2.38132
10511,21.022,2.37648
10512,21.024,2.3781
10513,21.026,2.37971
10514,21.028,2.39502
10515,21.03,2.39582
10516,21.032,2.39582
10517,21.034,2.39421
10518,21.036,2.40227
10519,21.038,2.41275
10520,21.04,2.40872
10521,21.042,2.42564
10522,21.044,2.40549
10523,21.046,2.4063
10524,21.048,2.41919
10525,21.05,2.41919
10526,21.052,2.42081
10527,21.054,2.41194
10528,21.056,2.41919
10529,21.058,2.41516
10530,21.06,2.41033
10531,21.062,2.40952
10532,21.064,2.41194
10533,21.066,2.40227
10534,21.068,2.39744
10535,21.07,2.39744
10536,21.072,2.39421
10537,21.074,2.39663
10538,21.076,2.40549
10539,21.078,2.39582
10540,21.08,2.38051
10541,21.082,2.38454
10542,21.084,2.40308
10543,21.086,2.3926
10544,21.088,2.39824
10545,21.09,2.41436
10546,21.092,2.38696
10547,21.094,2.3926
10548,21.096,2.40549
10549,21.098,2.40066
10550,21.1,2.40388
10551,21.102,2.42242
10552,21.104,2.42322
10553,21.106,2.40308
10554,21.108,2.40227
10555,21.11,2.38696
10556,21.112,2.39663
10557,21.114,2.39824
10558,21.116,2.39905
10559,21.118,2.4063
10560,21.12,2.41114
10561,21.122,2.40549
10562,21.124,2.4063
10563,21.126,2.40872
10564,21.128,2.41033
10565,21.13,2.41033
10566,21.132,2.41033
10567,21.134,2.41597
10568,21.136,2.42242
10569,21.138,2.42081
10570,21.14,2.42886
10571,21.142,2.42242
10572,21.144,2.42322
10573,21.146,2.42242
10574,21.148,2.42806
10575,21.15,2.42564
10576,21.152,2.43048
10577,21.154,2.44095
10578,21.156,2.45385
10579,21.158,2.46029
10580,21.16,2.4619
10581,21.162,2.45304
10582,21.164,2.44256
10583,21.166,2.42967
10584,21.168,2.44176
10585,21.17,2.44821
10586,21.172,2.45868
10587,21.174,2.46835
10588,21.176,2.46271
10589,21.178,2.4756
10590,21.18,2.50542
10591,21.182,2.52879
10592,21.184,2.56747
10593,21.186,2.56989
10594,21.188,2.60132
10595,21.19,2.62308
10596,21.192,2.65209
10597,21.194,2.68996
10598,21.196,2.7093
10599,21.198,2.75363
10600,21.2,2.81004
10601,21.202,2.84066
10602,21.204,2.90674
10603,21.206,2.96154
10604,21.208,3.01714
10605,21.21,3.08161
10606,21.212,3.10337
10607,21.214,3.14205
10608,21.216,3.19363
10609,21.218,3.22667
10610,21.22,3.24842
10611,21.222,3.26777
10612,21.224,3.29839
10613,21.226,3.3
10614,21.228,3.3
10615,21.23,3.3
10616,21.232,3.29919
10617,21.234,3.29839
10618,21.236,3.27985
10619,21.238,3.26454
10620,21.24,3.24037
10621,21.242,3.2033
10622,21.244,3.1896
10623,21.246,3.1219
10624,21.248,3.03084
10625,21.25,2.92286
10626,21.252,2.8181
10627,21.254,2.72139
10628,21.256,2.62711
10629,21.258,2.52799
10630,21.26,2.42645
10631,21.262,2.32652
10632,21.264,2.24029
10633,21.266,2.14278
10634,21.268,2.0767
10635,21.27,2.03158
10636,21.272,1.97355
10637,21.274,1.91714
10638,21.276,1.89458
10639,21.278,1.85832
10640,21.28,1.7874
10641,21.282,1.77451
10642,21.284,1.7326
10643,21.286,1.69714
10644,21.288,1.65685
10645,21.29,1.64396
10646,21.292,1.61978
10647,21.294,1.61575
10648,21.296,1.64799
10649,21.298,1.66491
10650,21.3,1.68264
10651,21.302,1.73582
10652,21.304,1.76967
10653,21.306,1.82205
10654,21.308,1.87524
10655,21.31,1.9244
10656,21.312,1.97597
10657,21.314,2.02674
10658,21.316,2.0622
10659,21.318,2.09846
10660,21.32,2.16938
10661,21.322,2.20725
10662,21.324,2.27092
10663,21.326,2.31685
10664,21.328,2.35956
10665,21.33,2.39663
10666,21.332,2.43048
10667,21.334,2.43773
10668,21.336,2.43934
10669,21.338,2.44176
10670,21.34,2.45385
10671,21.342,2.45707
10672,21.344,2.45385
10673,21.346,2.47158
10674,21.348,2.48366
10675,21.35,2.49172
10676,21.352,2.4893
10677,21.354,2.48366
10678,21.356,2.48286
10679,21.358,2.49414
10680,21.36,2.50703
10681,21.362,2.51267
10682,21.364,2.49978
10683,21.366,2.50462
10684,21.368,2.50945
10685,21.37,2.49495
10686,21.372,2.49092
10687,21.374,2.49978
10688,21.376,2.50462
10689,21.378,2.51348
10690,21.38,2.50542
10691,21.382,2.49978
10692,21.384,2.49253
10693,21.386,2.49092
10694,21.388,2.48689
10695,21.39,2.47319
10696,21.392,2.48447
10697,21.394,2.49253
10698,21.396,2.51429
10699,21.398,2.50059
10700,21.4,2.50542
10701,21.402,2.49092
10702,21.404,2.50462
10703,21.406,2.50784
10704,21.408,2.50462
10705,21.41,2.49897
10706,21.412,2.50381
10707,21.414,2.49253
10708,21.416,2.49736
10709,21.418,2.49656
10710,21.42,2.50462
10711,21.422,2.49736
10712,21.424,2.49092
10713,21.426,2.49656
10714,21.428,2.49656
10715,21.43,2.49897
10716,21.432,2.51267
10717,21.434,2.503
10718,21.436,2.50542
10719,21.438,2.49333
10720,21.44,2.503
10721,21.442,2.50784
10722,21.444,2.50623
10723,21.446,2.52154
10724,21.448,2.51348
10725,21.45,2.51026
10726,21.452,2.51751
10727,21.454,2.51993
10728,21.456,2.52557
10729,21.458,2.52154
10730,21.46,2.5304
10731,21.462,2.52154
10732,21.464,2.51993
10733,21.466,2.52073
10734,21.468,2.50542
10735,21.47,2.50784
10736,21.472,2.49897
10737,21.474,2.50059
10738,21.476,2.51026
10739,21.478,2.50059
10740,21.48,2.50542
10741,21.482,2.51509
10742,21.484,2.51348
10743,21.486,2.51348
10744,21.488,2.52315
10745,21.49,2.55377
10746,21.492,2.53121
10747,21.494,2.54169
10748,21.496,2.54894
10749,21.498,2.54733
10750,21.5,2.55297
10751,21.502,2.54571
10752,21.504,2.54491
10753,21.506,2.55136
10754,21.508,2.56425
10755,21.51,2.56344
10756,21.512,2.55297
10757,21.514,2.53282
10758,21.516,2.53524
10759,21.518,2.53524
10760,21.52,2.52476
10761,21.522,2.51832
10762,21.524,2.52073
10763,21.526,2.52718
10764,21.528,2.52637
10765,21.53,2.52315
10766,21.532,2.52476
10767,21.534,2.53443
10768,21.536,2.55136
10769,21.538,2.54974
10770,21.54,2.54894
10771,21.542,2.55216
10772,21.544,2.55055
10773,21.546,2.54894
10774,21.548,2.557
10775,21.55,2.55941
10776,21.552,2.55538
10777,21.554,2.55941
10778,21.556,2.54894
10779,21.558,2.55861
10780,21.56,2.57714
10781,21.562,2.55458
10782,21.564,2.54813
10783,21.566,2.54813
10784,21.568,2.55136
10785,21.57,2.54733
10786,21.572,2.54007
10787,21.574,2.53846
10788,21.576,2.5441
10789,21.578,2.54249
10790,21.58,2.54813
10791,21.582,2.55136
10792,21.584,2.56425
10793,21.586,2.54813
10794,21.588,2.56103
10795,21.59,2.56667
10796,21.592,2.56505
10797,21.594,2.56989
10798,21.596,2.56667
10799,21.598,2.57392
10800,21.6,2.57231
10801,21.602,2.58198
10802,21.604,2.59245
10803,21.606,2.57714
10804,21.608,2.59568
10805,21.61,2.59487
10806,21.612,2.58923
10807,21.614,2.58278
10808,21.616,2.58278
10809,21.618,2.58278
10810,21.62,2.57392
10811,21.622,2.57875
10812,21.624,2.58198
10813,21.626,2.58601
10814,21.628,2.59648
10815,21.63,2.60454
10816,21.632,2.58359
10817,21.634,2.58762
10818,21.636,2.58923
10819,21.638,2.58762
10820,21.64,2.60535
10821,21.642,2.60051
10822,21.644,2.5844
10823,21.646,2.60696
10824,21.648,2.61421
10825,21.65,2.60051
10826,21.652,2.6126
10827,21.654,2.61985
10828,21.656,2.61905
10829,21.658,2.60777
10830,21.66,2.62227
10831,21.662,2.61744
10832,21.664,2.60938
10833,21.666,2.60938
10834,21.668,2.60535
10835,21.67,2.60857
10836,21.672,2.61824
10837,21.674,2.6126
10838,21.676,2.61744
10839,21.678,2.61099
10840,21.68,2.62147
10841,21.682,2.61985
10842,21.684,2.63436
10843,21.686,2.63355
10844,21.688,2.63839
10845,21.69,2.63919
10846,21.692,2.64081
10847,21.694,2.65048
10848,21.696,2.64886
10849,21.698,2.64886
10850,21.7,2.67062
10851,21.702,2.63436
10852,21.704,2.63758
10853,21.706,2.64081
10854,21.708,2.65451
10855,21.71,2.65934
10856,21.712,2.65048
10857,21.714,2.64242
10858,21.716,2.63436
10859,21.718,2.63516
10860,21.72,2.65692
10861,21.722,2.64886
10862,21.724,2.65209
10863,21.726,2.64645
10864,21.728,2.63758
10865,21.73,2.65531
10866,21.732,2.65773
10867,21.734,2.64645
10868,21.736,2.64886
10869,21.738,2.63919
10870,21.74,2.66095
10871,21.742,2.66982
10872,21.744,2.66337
10873,21.746,2.66901
10874,21.748,2.68916
10875,21.75,2.67385
10876,21.752,2.67465
10877,21.754,2.68432
10878,21.756,2.6948
10879,21.758,2.69077
10880,21.76,2.69802
10881,21.762,2.70447
10882,21.764,2.69238
10883,21.766,2.68835
10884,21.768,2.69158
10885,21.77,2.68513
10886,21.772,2.67304
10887,21.774,2.68996
10888,21.776,2.70286
10889,21.778,2.68996
10890,21.78,2.69883
10891,21.782,2.69158
10892,21.784,2.69963
10893,21.786,2.70125
10894,21.788,2.69883
10895,21.79,2.7085
10896,21.792,2.71978
10897,21.794,2.73751
10898,21.796,2.72059
10899,21.798,2.72945
10900,21.8,2.74799
10901,21.802,2.73106
10902,21.804,2.71656
10903,21.806,2.73348
10904,21.808,2.73509
10905,21.81,2.74073
10906,21.812,2.74799
10907,21.814,2.72864
10908,21.816,2.7359
10909,21.818,2.73348
10910,21.82,2.73912
10911,21.822,2.7496
10912,21.824,2.7504
10913,21.826,2.75201
10914,21.828,2.76007
10915,21.83,2.75524
10916,21.832,2.7641
10917,21.834,2.74315
10918,21.836,2.73912
10919,21.838,2.7504
10920,21.84,2.75363
10921,21.842,2.76088
10922,21.844,2.76571
10923,21.846,2.75524
10924,21.848,2.76974
10925,21.85,2.76652
10926,21.852,2.74396
10927,21.854,2.74234
10928,21.856,2.75685
10929,21.858,2.74557
10930,21.86,2.76733
10931,21.862,2.7641
10932,21.864,2.7504
10933,21.866,2.7496
10934,21.868,2.76249
10935,21.87,2.75766
10936,21.872,2.75201
10937,21.874,2.7504
10938,21.876,2.7504
10939,21.878,2.7633
10940,21.88,2.75846
10941,21.882,2.7504
10942,21.884,2.76249
10943,21.886,2.76007
10944,21.888,2.76249
10945,21.89,2.7633
10946,21.892,2.7641
10947,21.894,2.7633
10948,21.896,2.77458
10949,21.898,2.75443
10950,21.9,2.7633
10951,21.902,2.76249
10952,21.904,2.76733
10953,21.906,2.77377
10954,21.908,2.77216
10955,21.91,2.77297
10956,21.912,2.78183
10957,21.914,2.76733
10958,21.916,2.76652
10959,21.918,2.75282
10960,21.92,2.75685
10961,21.922,2.75685
10962,21.924,2.76088
10963,21.926,2.76733
10964,21.928,2.78908
10965,21.93,2.78264
10966,21.932,2.77861
10967,21.934,2.77297
10968,21.936,2.76007
10969,21.938,2.77216
10970,21.94,2.77861
10971,21.942,2.77297
10972,21.944,2.77538
10973,21.946,2.77055
10974,21.948,2.75927
10975,21.95,2.76249
10976,21.952,2.777
10977,21.954,2.75363
10978,21.956,2.75201
10979,21.958,2.74799
10980,21.96,2.75443
10981,21.962,2.73832
10982,21.964,2.73993
10983,21.966,2.7367
10984,21.968,2.7367
10985,21.97,2.73187
10986,21.972,2.72864
10987,21.974,2.7222
10988,21.976,2.72381
10989,21.978,2.71172
10990,21.98,2.71575
10991,21.982,2.71011
10992,21.984,2.72784
10993,21.986,2.73026
10994,21.988,2.71575
10995,21.99,2.71333
10996,21.992,2.70769
10997,21.994,2.69319
10998,21.996,2.70366
10999,21.998,2.69722
11000,22.0,2.69399
11001,22.002,2.70286
11002,22.004,2.70125
11003,22.006,2.68996
11004,22.008,2.67626
11005,22.01,2.69238
11006,22.012,2.67868
11007,22.014,2.66982
11008,22.016,2.6537
11009,22.018,2.64725
11010,22.02,2.65209
11011,22.022,2.63839
11012,22.024,2.63436
11013,22.026,2.63839
11014,22.028,2.64081
11015,22.03,2.63194
11016,22.032,2.62388
11017,22.034,2.60938
11018,22.036,2.60857
11019,22.038,2.60374
11020,22.04,2.60615
11021,22.042,2.61018
11022,22.044,2.61018
11023,22.046,2.61179
11024,22.048,2.60293
11025,22.05,2.60051
11026,22.052,2.61018
11027,22.054,2.59568
11028,22.056,2.59326
11029,22.058,2.58762
11030,22.06,2.59326
11031,22.062,2.58278
11032,22.064,2.56747
11033,22.066,2.57714
11034,22.068,2.57473
11035,22.07,2.557
11036,22.072,2.56022
11037,22.074,2.54733
11038,22.076,2.53927
11039,22.078,2.53604
11040,22.08,2.51912
11041,22.082,2.53121
11042,22.084,2.52476
11043,22.086,2.52799
11044,22.088,2.52557
11045,22.09,2.53766
11046,22.092,2.52799
11047,22.094,2.51429
11048,22.096,2.52073
11049,22.098,2.52396
11050,22.1,2.50784
11051,22.102,2.50542
11052,22.104,2.49656
11053,22.106,2.50542
11054,22.108,2.50381
11055,22.11,2.50462
11056,22.112,2.49333
11057,22.114,2.4885
11058,22.116,2.50381
11059,22.118,2.49253
11060,22.12,2.48205
11061,22.122,2.49011
11062,22.124,2.48447
11063,22.126,2.4885
11064,22.128,2.48608
11065,22.13,2.48689
11066,22.132,2.47883
11067,22.134,2.43128
11068,22.136,2.45385
11069,22.138,2.46755
11070,22.14,2.48769
11071,22.142,2.48527
11072,22.144,2.49656
11073,22.146,2.48527
11074,22.148,2.46755
11075,22.15,2.46674
11076,22.152,2.47399
11077,22.154,2.47399
11078,22.156,2.4748
11079,22.158,2.48447
11080,22.16,2.47722
11081,22.162,2.46432
11082,22.164,2.4611
11083,22.166,2.46352
11084,22.168,2.46593
11085,22.17,2.41919
11086,22.172,2.44821
11087,22.174,2.45385
11088,22.176,2.44498
11089,22.178,2.44498
11090,22.18,2.44498
11091,22.182,2.44498
11092,22.184,2.44095
11093,22.186,2.45868
11094,22.188,2.44659
11095,22.19,2.45385
11096,22.192,2.45143
11097,22.194,2.41919
11098,22.196,2.45788
11099,22.198,2.45465
11100,22.2,2.47077
11101,22.202,2.46755
11102,22.204,2.46996
11103,22.206,2.46029
11104,22.208,2.46513
11105,22.21,2.47158
11106,22.212,2.4611
11107,22.214,2.4474
11108,22.216,2.45868
11109,22.218,2.44821
11110,22.22,2.46352
11111,22.222,2.44982
11112,22.224,2.45143
11113,22.226,2.45062
11114,22.228,2.45304
11115,22.23,2.45062
11116,22.232,2.44579
11117,22.234,2.45143
11118,22.236,2.4474
11119,22.238,2.44256
11120,22.24,2.44498
11121,22.242,2.44901
11122,22.244,2.45304
11123,22.246,2.45626
11124,22.248,2.45385
11125,22.25,2.45465
11126,22.252,2.46271
11127,22.254,2.44982
11128,22.256,2.45304
11129,22.258,2.4474
11130,22.26,2.44095
11131,22.262,2.46432
11132,22.264,2.44498
11133,22.266,2.45385
11134,22.268,2.45062
11135,22.27,2.43773
11136,22.272,2.44095
11137,22.274,2.44498
11138,22.276,2.44821
11139,22.278,2.44418
11140,22.28,2.45304
11141,22.282,2.43934
11142,22.284,2.44901
11143,22.286,2.44901
11144,22.288,2.44579
11145,22.29,2.45868
11146,22.292,2.45788
11147,22.294,2.46029
11148,22.296,2.46916
11149,22.298,2.47641
11150,22.3,2.47077
11151,22.302,2.47883
11152,22.304,2.47802
11153,22.306,2.46996
11154,22.308,2.46916
11155,22.31,2.48527
11156,22.312,2.4619
11157,22.314,2.46271
11158,22.316,2.45385
11159,22.318,2.46513
11160,22.32,2.45304
11161,22.322,2.44498
11162,22.324,2.45626
11163,22.326,2.43531
11164,22.328,2.44579
11165,22.33,2.44498
11166,22.332,2.44821
11167,22.334,2.45707
11168,22.336,2.45304
11169,22.338,2.44015
11170,22.34,2.44579
11171,22.342,2.44095
11172,22.344,2.44982
11173,22.346,2.45223
11174,22.348,2.45304
11175,22.35,2.45707
11176,22.352,2.45546
11177,22.354,2.45707
11178,22.356,2.45626
11179,22.358,2.45304
11180,22.36,2.44821
11181,22.362,2.45062
11182,22.364,2.44498
11183,22.366,2.43612
11184,22.368,2.44337
11185,22.37,2.4337
11186,22.372,2.43048
11187,22.374,2.42564
11188,22.376,2.42403
11189,22.378,2.42725
11190,22.38,2.45062
11191,22.382,2.44659
11192,22.384,2.44579
11193,22.386,2.45062
11194,22.388,2.45062
11195,22.39,2.45385
11196,22.392,2.45465
11197,22.394,2.44901
11198,22.396,2.45707
11199,22.398,2.4474
11200,22.4,2.45707
11201,22.402,2.44659
11202,22.404,2.45465
11203,22.406,2.45385
11204,22.408,2.46029
11205,22.41,2.46432
11206,22.412,2.44579
11207,22.414,2.45304
11208,22.416,2.44498
11209,22.418,2.43692
11210,22.42,2.44015
11211,22.422,2.44821
11212,22.424,2.43612
11213,22.426,2.43773
11214,22.428,2.45868
11215,22.43,2.43531
11216,22.432,2.43451
11217,22.434,2.44095
11218,22.436,2.44256
11219,22.438,2.44418
11220,22.44,2.42886
11221,22.442,2.43934
11222,22.444,2.44659
11223,22.446,2.44901
11224,22.448,2.45546
11225,22.45,2.44982
11226,22.452,2.45062
11227,22.454,2.44659
11228,22.456,2.44901
11229,22.458,2.44337
11230,22.46,2.43451
11231,22.462,2.43853
11232,22.464,2.44095
11233,22.466,2.45304
11234,22.468,2.45546
11235,22.47,2.44901
11236,22.472,2.44659
11237,22.474,2.44176
11238,22.476,2.44659
11239,22.478,2.44821
11240,22.48,2.43853
11241,22.482,2.43451
11242,22.484,2.42484
11243,22.486,2.42645
11244,22.488,2.42725
11245,22.49,2.42242
11246,22.492,2.41678
11247,22.494,2.44176
11248,22.496,2.44176
11249,22.498,2.44015
11250,22.5,2.44176
11251,22.502,2.45304
11252,22.504,2.44095
11253,22.506,2.45062
11254,22.508,2.45062
11255,22.51,2.44176
11256,22.512,2.43773
11257,22.514,2.45062
11258,22.516,2.4337
11259,22.518,2.43209
11260,22.52,2.43934
11261,22.522,2.45385
11262,22.524,2.44095
11263,22.526,2.43934
11264,22.528,2.43531
11265,22.53,2.44095
11266,22.532,2.43209
11267,22.534,2.43934
11268,22.536,2.43853
11269,22.538,2.42967
11270,22.54,2.43692
11271,22.542,2.43128
11272,22.544,2.42484
11273,22.546,2.43289
11274,22.548,2.4337
11275,22.55,2.43531
11276,22.552,2.42806
11277,22.554,2.43612
11278,22.556,2.43853
11279,22.558,2.44498
11280,22.56,2.44095
11281,22.562,2.43531
11282,22.564,2.42806
11283,22.566,2.43128
11284,22.568,2.43128
11285,22.57,2.42242
11286,22.572,2.41919
11287,22.574,2.41919
11288,22.576,2.41919
11289,22.578,2.41355
11290,22.58,2.41597
11291,22.582,2.41758
11292,22.584,2.42322
11293,22.586,2.42484
11294,22.588,2.42161
11295,22.59,2.41597
11296,22.592,2.43048
11297,22.594,2.41033
11298,22.596,2.42886
11299,22.598,2.42806
11300,22.6,2.43048
11301,22.602,2.42806
11302,22.604,2.42322
11303,22.606,2.42806
11304,22.608,2.42484
11305,22.61,2.42161
11306,22.612,2.42725
11307,22.614,2.42564
11308,22.616,2.42
11309,22.618,2.42564
11310,22.62,2.41919
11311,22.622,2.41758
11312,22.624,2.41114
11313,22.626,2.39905
11314,22.628,2.40388
11315,22.63,2.40791
11316,22.632,2.41194
11317,22.634,2.41839
11318,22.636,2.40711
11319,22.638,2.41516
11320,22.64,2.41758
11321,22.642,2.42
11322,22.644,2.42242
11323,22.646,2.42967
11324,22.648,2.43128
11325,22.65,2.43531
11326,22.652,2.41839
11327,22.654,2.43853
11328,22.656,2.43451
11329,22.658,2.43853
11330,22.66,2.42806
11331,22.662,2.42645
11332,22.664,2.44095
11333,22.666,2.42
11334,22.668,2.42564
11335,22.67,2.42
11336,22.672,2.41919
11337,22.674,2.42886
11338,22.676,2.42564
11339,22.678,2.42645
11340,22.68,2.42564
11341,22.682,2.42967
11342,22.684,2.41839
11343,22.686,2.45143
11344,22.688,2.42161
11345,22.69,2.41597
11346,22.692,2.42081
11347,22.694,2.41919
11348,22.696,2.42806
11349,22.698,2.41758
11350,22.7,2.42967
11351,22.702,2.42564
11352,22.704,2.43048
11353,22.706,2.41597
11354,22.708,2.42081
11355,22.71,2.42725
11356,22.712,2.42725
11357,22.714,2.41758
11358,22.716,2.42242
11359,22.718,2.41275
11360,22.72,2.41355
11361,22.722,2.40066
11362,22.724,2.40872
11363,22.726,2.39905
11364,22.728,2.40549
11365,22.73,2.40066
11366,22.732,2.40872
11367,22.734,2.41516
11368,22.736,2.4063
11369,22.738,2.41839
11370,22.74,2.41033
11371,22.742,2.42806
11372,22.744,2.41275
11373,22.746,2.42242
11374,22.748,2.42242
11375,22.75,2.41516
11376,22.752,2.42161
11377,22.754,2.43048
11378,22.756,2.42081
11379,22.758,2.43209
11380,22.76,2.43853
11381,22.762,2.43853
11382,22.764,2.41597
11383,22.766,2.42484
11384,22.768,2.42645
11385,22.77,2.41436
11386,22.772,2.42242
11387,22.774,2.41033
11388,22.776,2.41033
11389,22.778,2.40952
11390,22.78,2.41597
11391,22.782,2.40549
11392,22.784,2.39744
11393,22.786,2.40791
11394,22.788,2.41275
11395,22.79,2.42322
11396,22.792,2.42
11397,22.794,2.42322
11398,22.796,2.42886
11399,22.798,2.42725
11400,22.8,2.42967
11401,22.802,2.43209
11402,22.804,2.43773
11403,22.806,2.43128
11404,22.808,2.43048
11405,22.81,2.43531
11406,22.812,2.43612
11407,22.814,2.42886
11408,22.816,2.42242
11409,22.818,2.42484
11410,22.82,2.42403
11411,22.822,2.42
11412,22.824,2.40872
11413,22.826,2.41516
11414,22.828,2.41516
11415,22.83,2.41919
11416,22.832,2.42
11417,22.834,2.42161
11418,22.836,2.41758
11419,22.838,2.4063
11420,22.84,2.42806
11421,22.842,2.43128
11422,22.844,2.42725
11423,22.846,2.43934
11424,22.848,2.43692
11425,22.85,2.44337
11426,22.852,2.4337
11427,22.854,2.43612
11428,22.856,2.44095
11429,22.858,2.43451
11430,22.86,2.43853
11431,22.862,2.44256
11432,22.864,2.43612
11433,22.866,2.42806
11434,22.868,2.42645
11435,22.87,2.42
11436,22.872,2.41516
11437,22.874,2.41839
11438,22.876,2.42564
11439,22.878,2.41194
11440,22.88,2.41678
11441,22.882,2.41033
11442,22.884,2.41033
11443,22.886,2.42161
11444,22.888,2.41839
11445,22.89,2.41678
11446,22.892,2.41436
11447,22.894,2.41033
11448,22.896,2.42242
11449,22.898,2.42645
11450,22.9,2.45062
11451,22.902,2.42484
11452,22.904,2.43048
11453,22.906,2.42564
11454,22.908,2.42886
11455,22.91,2.42806
11456,22.912,2.43209
11457,22.914,2.42322
11458,22.916,2.42645
11459,22.918,2.41678
11460,22.92,2.42322
11461,22.922,2.43209
11462,22.924,2.42806
11463,22.926,2.42564
11464,22.928,2.42806
11465,22.93,2.42806
11466,22.932,2.42484
11467,22.934,2.41919
11468,22.936,2.42806
11469,22.938,2.43853
11470,22.94,2.42967
11471,22.942,2.42484
11472,22.944,2.42322
11473,22.946,2.43612
11474,22.948,2.42886
11475,22.95,2.42564
11476,22.952,2.42967
11477,22.954,2.42645
11478,22.956,2.42645
11479,22.958,2.42403
11480,22.96,2.42161
11481,22.962,2.43209
11482,22.964,2.43048
11483,22.966,2.43209
11484,22.968,2.42403
11485,22.97,2.42645
11486,22.972,2.41839
11487,22.974,2.41597
11488,22.976,2.42081
11489,22.978,2.41758
11490,22.98,2.42081
11491,22.982,2.42484
11492,22.984,2.41758
11493,22.986,2.42484
11494,22.988,2.42322
11495,22.99,2.42645
11496,22.992,2.43692
11497,22.994,2.43451
11498,22.996,2.43289
11499,22.998,2.43612
11500,23.0,2.42886
11501,23.002,2.43934
11502,23.004,2.42967
11503,23.006,2.43289
11504,23.008,2.43692
11505,23.01,2.43612
11506,23.012,2.44982
11507,23.014,2.43612
11508,23.016,2.44498
11509,23.018,2.43612
11510,23.02,2.42806
11511,23.022,2.43209
11512,23.024,2.42806
11513,23.026,2.43531
11514,23.028,2.43128
11515,23.03,2.42081
11516,23.032,2.43289
11517,23.034,2.44256
11518,23.036,2.4337
11519,23.038,2.43451
11520,23.04,2.44176
11521,23.042,2.4611
11522,23.044,2.45062
11523,23.046,2.45304
11524,23.048,2.46835
11525,23.05,2.47319
11526,23.052,2.48205
11527,23.054,2.46674
11528,23.056,2.47802
11529,23.058,2.48205
11530,23.06,2.47883
11531,23.062,2.47399
11532,23.064,2.46352
11533,23.066,2.48044
11534,23.068,2.47077
11535,23.07,2.47077
11536,23.072,2.46029
11537,23.074,2.45949
11538,23.076,2.46593
11539,23.078,2.46513
11540,23.08,2.45707
11541,23.082,2.4619
11542,23.084,2.46432
11543,23.086,2.45868
11544,23.088,2.46432
11545,23.09,2.46513
11546,23.092,2.46432
11547,23.094,2.46996
11548,23.096,2.47883
11549,23.098,2.46432
11550,23.1,2.45868
11551,23.102,2.46432
11552,23.104,2.47722
11553,23.106,2.47319
11554,23.108,2.45868
11555,23.11,2.46432
11556,23.112,2.46674
11557,23.114,2.45788
11558,23.116,2.47077
11559,23.118,2.47238
11560,23.12,2.47077
11561,23.122,2.47077
11562,23.124,2.48286
11563,23.126,2.48608
11564,23.128,2.48769
11565,23.13,2.49817
11566,23.132,2.50945
11567,23.134,2.51348
11568,23.136,2.51429
11569,23.138,2.50945
11570,23.14,2.51912
11571,23.142,2.52154
11572,23.144,2.52476
11573,23.146,2.52234
11574,23.148,2.52476
11575,23.15,2.52879
11576,23.152,2.54169
11577,23.154,2.5441
11578,23.156,2.53927
11579,23.158,2.53524
11580,23.16,2.55861
11581,23.162,2.53846
11582,23.164,2.53443
11583,23.166,2.5441
11584,23.168,2.53846
11585,23.17,2.5304
11586,23.172,2.52637
11587,23.174,2.52154
11588,23.176,2.51348
11589,23.178,2.52718
11590,23.18,2.53201
11591,23.182,2.52879
11592,23.184,2.55136
11593,23.186,2.51751
11594,23.188,2.503
11595,23.19,2.50703
11596,23.192,2.5159
11597,23.194,2.52799
11598,23.196,2.52396
11599,23.198,2.52234
11600,23.2,2.51509
11601,23.202,2.52154
11602,23.204,2.51348
11603,23.206,2.50623
11604,23.208,2.51751
11605,23.21,2.50703
11606,23.212,2.50864
11607,23.214,2.50945
11608,23.216,2.50784
11609,23.218,2.49978
11610,23.22,2.49575
11611,23.222,2.49575
11612,23.224,2.49333
11613,23.226,2.48689
11614,23.228,2.48044
11615,23.23,2.47883
11616,23.232,2.47319
11617,23.234,2.47883
11618,23.236,2.47722
11619,23.238,2.47077
11620,23.24,2.45546
11621,23.242,2.45223
11622,23.244,2.45626
11623,23.246,2.45062
11624,23.248,2.45707
11625,23.25,2.45707
11626,23.252,2.45546
11627,23.254,2.46432
11628,23.256,2.44256
11629,23.258,2.44337
11630,23.26,2.4474
11631,23.262,2.44256
11632,23.264,2.43289
11633,23.266,2.44498
11634,23.268,2.44176
11635,23.27,2.43612
11636,23.272,2.41919
11637,23.274,2.42967
11638,23.276,2.41919
11639,23.278,2.44498
11640,23.28,2.41516
11641,23.282,2.42
11642,23.284,2.41839
11643,23.286,2.41516
11644,23.288,2.41516
11645,23.29,2.41033
11646,23.292,2.40388
11647,23.294,2.41033
11648,23.296,2.40711
11649,23.298,2.40469
11650,23.3,2.4063
11651,23.302,2.42564
11652,23.304,2.40711
11653,23.306,2.41033
11654,23.308,2.40952
11655,23.31,2.40147
11656,23.312,2.40388
11657,23.314,2.40711
11658,23.316,2.40227
11659,23.318,2.40308
11660,23.32,2.39905
11661,23.322,2.39905
11662,23.324,2.40469
11663,23.326,2.39582
11664,23.328,2.38938
11665,23.33,2.38051
11666,23.332,2.39502
11667,23.334,2.38938
11668,23.336,2.39421
11669,23.338,2.38938
11670,23.34,2.39421
11671,23.342,2.38535
11672,23.344,2.38857
11673,23.346,2.38696
11674,23.348,2.38938
11675,23.35,2.39502
11676,23.352,2.40147
11677,23.354,2.40388
11678,23.356,2.41516
11679,23.358,2.41355
11680,23.36,2.42564
11681,23.362,2.41839
11682,23.364,2.41597
11683,23.366,2.41436
11684,23.368,2.41436
11685,23.37,2.41919
11686,23.372,2.41436
11687,23.374,2.41275
11688,23.376,2.41839
11689,23.378,2.41033
11690,23.38,2.40308
11691,23.382,2.39744
11692,23.384,2.40388
11693,23.386,2.39099
11694,23.388,2.39905
11695,23.39,2.38938
11696,23.392,2.40147
11697,23.394,2.41275
11698,23.396,2.40227
11699,23.398,2.39663
11700,23.4,2.3926
11701,23.402,2.39099
11702,23.404,2.39421
11703,23.406,2.41436
11704,23.408,2.41516
11705,23.41,2.41678
11706,23.412,2.41033
11707,23.414,2.41839
11708,23.416,2.42322
11709,23.418,2.43048
11710,23.42,2.42725
11711,23.422,2.40872
11712,23.424,2.40147
11713,23.426,2.39905
11714,23.428,2.40147
11715,23.43,2.40872
11716,23.432,2.40308
11717,23.434,2.40308
11718,23.436,2.39824
11719,23.438,2.39905
11720,23.44,2.40469
11721,23.442,2.41516
11722,23.444,2.40872
11723,23.446,2.39744
11724,23.448,2.41275
11725,23.45,2.40549
11726,23.452,2.40388
11727,23.454,2.41436
11728,23.456,2.41758
11729,23.458,2.41678
11730,23.46,2.41597
11731,23.462,2.41839
11732,23.464,2.42564
11733,23.466,2.42564
11734,23.468,2.42725
11735,23.47,2.41194
11736,23.472,2.41436
11737,23.474,2.4063
11738,23.476,2.41114
11739,23.478,2.4063
11740,23.48,2.39099
11741,23.482,2.40711
11742,23.484,2.40952
11743,23.486,2.38938
11744,23.488,2.39905
11745,23.49,2.4063
11746,23.492,2.40227
11747,23.494,2.40308
11748,23.496,2.39744
11749,23.498,2.41194
11750,23.5,2.41758
11751,23.502,2.41597
11752,23.504,2.42242
11753,23.506,2.42242
11754,23.508,2.41516
11755,23.51,2.42564
11756,23.512,2.44095
11757,23.514,2.4337
11758,23.516,2.45143
11759,23.518,2.46513
11760,23.52,2.47722
11761,23.522,2.48608
11762,23.524,2.48205
11763,23.526,2.46432
11764,23.528,2.46513
11765,23.53,2.45868
11766,23.532,2.46755
11767,23.534,2.46432
11768,23.536,2.48205
11769,23.538,2.47319
11770,23.54,2.49011
11771,23.542,2.51026
11772,23.544,2.54813
11773,23.546,2.56667
11774,23.548,2.58117
11775,23.55,2.60212
11776,23.552,2.63436
11777,23.554,2.66015
11778,23.556,2.69641
11779,23.558,2.72864
11780,23.56,2.77619
11781,23.562,2.81407
11782,23.564,2.86645
11783,23.566,2.93092
11784,23.568,2.99297
11785,23.57,3.03568
11786,23.572,3.08886
11787,23.574,3.15253
11788,23.576,3.2041
11789,23.578,3.24601
11790,23.58,3.25568
11791,23.582,3.29033
11792,23.584,3.3
11793,23.586,3.3
11794,23.588,3.3
11795,23.59,3.3
11796,23.592,3.3
11797,23.594,3.3
11798,23.596,3.3
11799,23.598,3.3
11800,23.6,3.27502
11801,23.602,3.23714
11802,23.604,3.20652
11803,23.606,3.18637
11804,23.608,3.10337
11805,23.61,2.99136
11806,23.612,2.89465
11807,23.614,2.75604
11808,23.616,2.66256
11809,23.618,2.56667
11810,23.62,2.4619
11811,23.622,2.37165
11812,23.624,2.28623
11813,23.626,2.17502
11814,23.628,2.1033
11815,23.63,2.05092
11816,23.632,1.9937
11817,23.634,1.92278
11818,23.636,1.86396
11819,23.638,1.83092
11820,23.64,1.78659
11821,23.642,1.75919
11822,23.644,1.75194
11823,23.646,1.70923
11824,23.648,1.67297
11825,23.65,1.65363
11826,23.652,1.63267
11827,23.654,1.62784
11828,23.656,1.62059
11829,23.658,1.63912
11830,23.66,1.65927
11831,23.662,1.67941
11832,23.664,1.72293
11833,23.666,1.79626
11834,23.668,1.85509
11835,23.67,1.89458
11836,23.672,1.94374
11837,23.674,1.99612
11838,23.676,2.03722
11839,23.678,2.0767
11840,23.68,2.12183
11841,23.682,2.18066
11842,23.684,2.22659
11843,23.686,2.2822
11844,23.688,2.32571
11845,23.69,2.37326
11846,23.692,2.41516
11847,23.694,2.45143
11848,23.696,2.46593
11849,23.698,2.47641
11850,23.7,2.46996
11851,23.702,2.46996
11852,23.704,2.4748
11853,23.706,2.48366
11854,23.708,2.49253
11855,23.71,2.503
11856,23.712,2.503
11857,23.714,2.49978
11858,23.716,2.503
11859,23.718,2.49575
11860,23.72,2.50059
11861,23.722,2.50623
11862,23.724,2.52154
11863,23.726,2.50623
11864,23.728,2.5022
11865,23.73,2.49253
11866,23.732,2.49414
11867,23.734,2.49414
11868,23.736,2.48447
11869,23.738,2.49011
11870,23.74,2.49011
11871,23.742,2.49011
11872,23.744,2.49333
11873,23.746,2.49253
11874,23.748,2.5022
11875,23.75,2.50381
11876,23.752,2.51026
11877,23.754,2.51026
11878,23.756,2.51026
11879,23.758,2.51509
11880,23.76,2.51348
11881,23.762,2.52315
11882,23.764,2.52396
11883,23.766,2.52476
11884,23.768,2.52396
11885,23.77,2.52154
11886,23.772,2.51509
11887,23.774,2.52073
11888,23.776,2.52315
11889,23.778,2.52476
11890,23.78,2.51348
11891,23.782,2.51348
11892,23.784,2.51348
11893,23.786,2.51832
11894,23.788,2.50542
11895,23.79,2.52154
11896,23.792,2.52315
11897,23.794,2.53524
11898,23.796,2.52234
11899,23.798,2.52234
11900,23.8,2.52154
11901,23.802,2.52637
11902,23.804,2.52718
11903,23.806,2.52234
11904,23.808,2.52476
11905,23.81,2.53766
11906,23.812,2.53524
11907,23.814,2.53524
11908,23.816,2.53846
11909,23.818,2.53846
11910,23.82,2.53927
11911,23.822,2.53766
11912,23.824,2.53604
11913,23.826,2.53846
11914,23.828,2.51832
11915,23.83,2.52154
11916,23.832,2.53121
11917,23.834,2.5296
11918,23.836,2.52476
11919,23.838,2.52879
11920,23.84,2.52234
11921,23.842,2.52154
11922,23.844,2.53604
11923,23.846,2.5304
11924,23.848,2.51832
11925,23.85,2.52396
11926,23.852,2.52557
11927,23.854,2.53766
11928,23.856,2.5433
11929,23.858,2.54249
11930,23.86,2.55055
11931,23.862,2.54813
11932,23.864,2.55941
11933,23.866,2.55297
11934,23.868,2.55377
11935,23.87,2.54088
11936,23.872,2.53846
11937,23.874,2.54088
11938,23.876,2.55377
11939,23.878,2.54733
11940,23.88,2.54974
11941,23.882,2.54249
11942,23.884,2.54813
11943,23.886,2.5433
11944,23.888,2.56022
11945,23.89,2.55136
11946,23.892,2.54652
11947,23.894,2.55216
11948,23.896,2.55458
11949,23.898,2.56586
11950,23.9,2.56103
11951,23.902,2.56344
11952,23.904,2.56828
11953,23.906,2.56989
11954,23.908,2.5707
11955,23.91,2.56505
11956,23.912,2.59165
11957,23.914,2.57311
11958,23.916,2.57634
11959,23.918,2.58037
11960,23.92,2.56747
11961,23.922,2.57311
11962,23.924,2.57473
11963,23.926,2.5715
11964,23.928,2.56747
11965,23.93,2.55619
11966,23.932,2.56022
11967,23.934,2.56183
11968,23.936,2.56344
11969,23.938,2.56425
11970,23.94,2.56586
11971,23.942,2.57473
11972,23.944,2.56264
11973,23.946,2.55216
11974,23.948,2.55619
11975,23.95,2.5578
11976,23.952,2.56505
11977,23.954,2.57875
11978,23.956,2.57392
11979,23.958,2.58681
11980,23.96,2.58681
11981,23.962,2.58681
11982,23.964,2.59245
11983,23.966,2.5981
11984,23.968,2.60374
11985,23.97,2.59568
11986,23.972,2.59245
11987,23.974,2.58681
11988,23.976,2.58601
11989,23.978,2.58842
11990,23.98,2.58681
11991,23.982,2.58117
11992,23.984,2.59165
11993,23.986,2.59004
11994,23.988,2.58037
11995,23.99,2.59971
11996,23.992,2.59568
11997,23.994,2.59971
11998,23.996,2.58762
11999,23.998,2.59729
12000,24.0,2.59648
12001,24.002,2.60051
12002,24.004,2.61905
12003,24.006,2.62147
12004,24.008,2.6126
12005,24.01,2.61985
12006,24.012,2.63275
12007,24.014,2.63114
12008,24.016,2.63114
12009,24.018,2.62469
12010,24.02,2.62066
12011,24.022,2.63275
12012,24.024,2.62147
12013,24.026,2.61663
12014,24.028,2.63194
12015,24.03,2.6126
12016,24.032,2.61341
12017,24.034,2.61905
12018,24.036,2.62469
12019,24.038,2.62469
12020,24.04,2.61582
12021,24.042,2.6263
12022,24.044,2.63194
12023,24.046,2.6263
12024,24.048,2.62066
12025,24.05,2.63436
12026,24.052,2.64242
12027,24.054,2.64242
12028,24.056,2.6537
12029,24.058,2.64806
12030,24.06,2.64886
12031,24.062,2.65289
12032,24.064,2.64645
12033,24.066,2.64967
12034,24.068,2.64967
12035,24.07,2.65612
12036,24.072,2.64725
12037,24.074,2.64484
12038,24.076,2.65612
12039,24.078,2.65531
12040,24.08,2.64886
12041,24.082,2.64806
12042,24.084,2.64242
12043,24.086,2.64806
12044,24.088,2.64886
12045,24.09,2.65853
12046,24.092,2.66337
12047,24.094,2.66176
12048,24.096,2.66418
12049,24.098,2.67707
12050,24.1,2.68029
12051,24.102,2.6819
12052,24.104,2.6811
12053,24.106,2.70044
12054,24.108,2.69399
12055,24.11,2.7085
12056,24.112,2.71172
12057,24.114,2.70205
12058,24.116,2.70044
12059,24.118,2.7085
12060,24.12,2.70447
12061,24.122,2.70447
12062,24.124,2.70205
12063,24.126,2.69883
12064,24.128,2.70286
12065,24.13,2.6948
12066,24.132,2.69158
12067,24.134,2.69802
12068,24.136,2.70366
12069,24.138,2.70689
12070,24.14,2.70366
12071,24.142,2.70527
12072,24.144,2.71092
12073,24.146,2.71092
12074,24.148,2.71978
12075,24.15,2.72462
12076,24.152,2.70286
12077,24.154,2.723
12078,24.156,2.72139
12079,24.158,2.73348
12080,24.16,2.72623
12081,24.162,2.73751
12082,24.164,2.73993
12083,24.166,2.74073
12084,24.168,2.74799
12085,24.17,2.7367
12086,24.172,2.7367
12087,24.174,2.74396
12088,24.176,2.7367
12089,24.178,2.73751
12090,24.18,2.74234
12091,24.182,2.74315
12092,24.184,2.74879
12093,24.186,2.74154
12094,24.188,2.74476
12095,24.19,2.73993
12096,24.192,2.74879
12097,24.194,2.75282
12098,24.196,2.75363
12099,24.198,2.76007
12100,24.2,2.7633
12101,24.202,2.76571
12102,24.204,2.76249
12103,24.206,2.76813
12104,24.208,2.77377
12105,24.21,2.77458
12106,24.212,2.77619
12107,24.214,2.77216
12108,24.216,2.77861
12109,24.218,2.77377
12110,24.22,2.76894
12111,24.222,2.77377
12112,24.224,2.77377
12113,24.226,2.76733
12114,24.228,2.7633
12115,24.23,2.76571
12116,24.232,2.75927
12117,24.234,2.76974
12118,24.236,2.7633
12119,24.238,2.77297
12120,24.24,2.77861
12121,24.242,2.76813
12122,24.244,2.76733
12123,24.246,2.75927
12124,24.248,2.77136
12125,24.25,2.77216
12126,24.252,2.77216
12127,24.254,2.77538
12128,24.256,2.77861
12129,24.258,2.777
12130,24.26,2.78022
12131,24.262,2.78264
12132,24.264,2.78505
12133,24.266,2.77619
12134,24.268,2.77377
12135,24.27,2.78344
12136,24.272,2.77619
12137,24.274,2.77538
12138,24.276,2.78022
12139,24.278,2.77619
12140,24.28,2.77538
12141,24.282,2.76007
12142,24.284,2.76733
12143,24.286,2.76974
12144,24.288,2.76249
12145,24.29,2.76168
12146,24.292,2.76894
12147,24.294,2.75685
12148,24.296,2.7641
12149,24.298,2.7504
12150,24.3,2.76491
12151,24.302,2.75443
12152,24.304,2.76007
12153,24.306,2.75524
12154,24.308,2.76974
12155,24.31,2.78747
12156,24.312,2.77136
12157,24.314,2.77136
12158,24.316,2.76733
12159,24.318,2.7633
12160,24.32,2.75201
12161,24.322,2.75121
12162,24.324,2.7504
12163,24.326,2.73912
12164,24.328,2.74315
12165,24.33,2.7359
12166,24.332,2.72784
12167,24.334,2.7367
12168,24.336,2.72945
12169,24.338,2.72462
12170,24.34,2.72059
12171,24.342,2.7222
12172,24.344,2.71656
12173,24.346,2.71656
12174,24.348,2.71172
12175,24.35,2.7093
12176,24.352,2.71333
12177,24.354,2.71495
12178,24.356,2.70286
12179,24.358,2.71172
12180,24.36,2.70689
12181,24.362,2.70608
12182,24.364,2.71414
12183,24.366,2.69641
12184,24.368,2.70769
12185,24.37,2.71172
12186,24.372,2.68996
12187,24.374,2.68835
12188,24.376,2.68674
12189,24.378,2.66821
12190,24.38,2.66176
12191,24.382,2.66015
12192,24.384,2.66901
12193,24.386,2.64886
12194,24.388,2.64403
12195,24.39,2.62147
12196,24.392,2.62388
12197,24.394,2.63516
12198,24.396,2.62791
12199,24.398,2.62791
12200,24.4,2.62469
12201,24.402,2.63355
12202,24.404,2.61502
12203,24.406,2.61502
12204,24.408,2.61502
12205,24.41,2.60857
12206,24.412,2.61341
12207,24.414,2.61905
12208,24.416,2.60857
12209,24.418,2.59648
12210,24.42,2.58681
12211,24.422,2.57875
12212,24.424,2.58117
12213,24.426,2.58117
12214,24.428,2.58117
12215,24.43,2.56586
12216,24.432,2.56667
12217,24.434,2.55619
12218,24.436,2.54491
12219,24.438,2.53201
12220,24.44,2.52718
12221,24.442,2.53363
12222,24.444,2.54007
12223,24.446,2.52476
12224,24.448,2.53201
12225,24.45,2.52476
12226,24.452,2.54733
12227,24.454,2.52557
12228,24.456,2.5304
12229,24.458,2.52154
12230,24.46,2.51832
12231,24.462,2.51912
12232,24.464,2.52234
12233,24.466,2.52476
12234,24.468,2.51832
12235,24.47,2.52557
12236,24.472,2.51912
12237,24.474,2.50864
12238,24.476,2.52234
12239,24.478,2.51026
12240,24.48,2.49978
12241,24.482,2.49172
12242,24.484,2.48608
12243,24.486,2.47883
12244,24.488,2.48286
12245,24.49,2.48366
12246,24.492,2.48205
12247,24.494,2.47399
12248,24.496,2.47238
12249,24.498,2.46271
12250,24.5,2.46432
12251,24.502,2.46674
12252,24.504,2.46432
12253,24.506,2.47077
12254,24.508,2.47722
12255,24.51,2.47077
12256,24.512,2.46674
12257,24.514,2.47399
12258,24.516,2.46996
12259,24.518,2.47399
12260,24.52,2.47399
12261,24.522,2.47077
12262,24.524,2.46029
12263,24.526,2.46432
12264,24.528,2.45465
12265,24.53,2.44176
12266,24.532,2.44337
12267,24.534,2.45062
12268,24.536,2.44418
12269,24.538,2.43451
12270,24.54,2.43853
12271,24.542,2.43209
12272,24.544,2.43209
12273,24.546,2.43934
12274,24.548,2.44982
12275,24.55,2.45385
12276,24.552,2.45949
12277,24.554,2.45626
12278,24.556,2.45788
12279,24.558,2.46029
12280,24.56,2.46029
12281,24.562,2.46352
12282,24.564,2.46593
12283,24.566,2.46674
12284,24.568,2.46674
12285,24.57,2.47963
12286,24.572,2.46432
12287,24.574,2.45385
12288,24.576,2.45385
12289,24.578,2.45465
12290,24.58,2.45868
12291,24.582,2.45707
12292,24.584,2.45304
12293,24.586,2.45223
12294,24.588,2.45143
12295,24.59,2.45304
12296,24.592,2.45465
12297,24.594,2.45546
12298,24.596,2.44256
12299,24.598,2.44498
12300,24.6,2.45385
12301,24.602,2.4474
12302,24.604,2.45868
12303,24.606,2.46996
12304,24.608,2.46755
12305,24.61,2.47238
12306,24.612,2.47883
12307,24.614,2.4756
12308,24.616,2.47883
12309,24.618,2.48447
12310,24.62,2.47077
12311,24.622,2.47399
12312,24.624,2.47802
12313,24.626,2.47399
12314,24.628,2.46916
12315,24.63,2.47077
12316,24.632,2.4619
12317,24.634,2.46593
12318,24.636,2.45223
12319,24.638,2.45788
12320,24.64,2.46029
12321,24.642,2.46271
12322,24.644,2.45707
12323,24.646,2.44821
12324,24.648,2.45385
12325,24.65,2.45304
12326,24.652,2.46432
12327,24.654,2.45788
12328,24.656,2.46271
12329,24.658,2.46674
12330,24.66,2.45868
12331,24.662,2.47641
12332,24.664,2.46352
12333,24.666,2.45546
12334,24.668,2.46271
12335,24.67,2.46593
12336,24.672,2.45304
12337,24.674,2.44982
12338,24.676,2.45385
12339,24.678,2.46029
12340,24.68,2.45304
12341,24.682,2.44982
12342,24.684,2.43612
12343,24.686,2.43048
12344,24.688,2.43853
12345,24.69,2.42161
12346,24.692,2.44337
12347,24.694,2.44095
12348,24.696,2.44418
12349,24.698,2.43692
12350,24.7,2.43934
12351,24.702,2.4474
12352,24.704,2.44659
12353,24.706,2.45465
12354,24.708,2.46593
12355,24.71,2.46513
12356,24.712,2.4756
12357,24.714,2.46271
12358,24.716,2.46593
12359,24.718,2.45546
12360,24.72,2.45788
12361,24.722,2.45707
12362,24.724,2.45304
12363,24.726,2.45788
12364,24.728,2.45223
12365,24.73,2.45465
12366,24.732,2.45304
12367,24.734,2.44418
12368,24.736,2.46432
12369,24.738,2.44982
12370,24.74,2.44982
12371,24.742,2.44982
12372,24.744,2.44256
12373,24.746,2.43773
12374,24.748,2.43451
12375,24.75,2.44901
12376,24.752,2.44015
12377,24.754,2.43773
12378,24.756,2.44095
12379,24.758,2.44821
12380,24.76,2.45385
12381,24.762,2.44579
12382,24.764,2.45707
12383,24.766,2.45385
12384,24.768,2.44982
12385,24.77,2.44337
12386,24.772,2.44579
12387,24.774,2.45465
12388,24.776,2.43289
12389,24.778,2.43773
12390,24.78,2.43531
12391,24.782,2.43289
12392,24.784,2.43209
12393,24.786,2.42806
12394,24.788,2.43128
12395,24.79,2.42806
12396,24.792,2.43209
12397,24.794,2.43048
12398,24.796,2.43289
12399,24.798,2.42725
12400,24.8,2.43692
12401,24.802,2.43289
12402,24.804,2.43612
12403,24.806,2.43612
12404,24.808,2.43853
12405,24.81,2.43934
12406,24.812,2.43289
12407,24.814,2.45062
12408,24.816,2.44982
12409,24.818,2.44498
12410,24.82,2.44418
12411,24.822,2.44982
12412,24.824,2.45707
12413,24.826,2.45385
12414,24.828,2.44256
12415,24.83,2.45949
12416,24.832,2.4474
12417,24.834,2.44901
12418,24.836,2.43209
12419,24.838,2.42725
12420,24.84,2.42886
12421,24.842,2.4337
12422,24.844,2.43289
12423,24.846,2.43048
12424,24.848,2.41275
12425,24.85,2.42161
12426,24.852,2.42967
12427,24.854,2.43531
12428,24.856,2.43209
12429,24.858,2.43531
12430,24.86,2.43209
12431,24.862,2.44498
12432,24.864,2.42967
12433,24.866,2.43612
12434,24.868,2.43209
12435,24.87,2.43128
12436,24.872,2.42161
12437,24.874,2.42806
12438,24.876,2.42806
12439,24.878,2.42645
12440,24.88,2.42322
12441,24.882,2.42564
12442,24.884,2.43451
12443,24.886,2.43451
12444,24.888,2.43209
12445,24.89,2.43531
12446,24.892,2.42806
12447,24.894,2.42403
12448,24.896,2.42242
12449,24.898,2.41919
12450,24.9,2.43048
12451,24.902,2.42161
12452,24.904,2.43128
12453,24.906,2.42967
12454,24.908,2.43128
12455,24.91,2.43612
12456,24.912,2.43773
12457,24.914,2.42725
12458,24.916,2.42484
12459,24.918,2.42886
12460,24.92,2.44176
12461,24.922,2.43531
12462,24.924,2.44659
12463,24.926,2.41275
12464,24.928,2.40952
12465,24.93,2.42242
12466,24.932,2.42161
12467,24.934,2.43048
12468,24.936,2.42242
12469,24.938,2.42564
12470,24.94,2.42564
12471,24.942,2.42806
12472,24.944,2.42161
12473,24.946,2.42161
12474,24.948,2.44418
12475,24.95,2.43612
12476,24.952,2.43531
12477,24.954,2.43773
12478,24.956,2.4337
12479,24.958,2.43612
12480,24.96,2.43451
12481,24.962,2.44095
12482,24.964,2.44256
12483,24.966,2.44176
12484,24.968,2.44498
12485,24.97,2.44095
12486,24.972,2.44659
12487,24.974,2.43289
12488,24.976,2.43773
12489,24.978,2.44982
12490,24.98,2.43853
12491,24.982,2.42967
12492,24.984,2.43934
12493,24.986,2.43612
12494,24.988,2.44176
12495,24.99,2.42322
12496,24.992,2.42161
12497,24.994,2.4337
12498,24.996,2.43531
12499,24.998,2.4063
12500,25.0,2.41758
12501,25.002,2.41355
12502,25.004,2.40872
12503,25.006,2.42242
12504,25.008,2.41678
12505,25.01,2.41758
12506,25.012,2.42645
12507,25.014,2.42645
12508,25.016,2.43048
12509,25.018,2.42725
12510,25.02,2.45062
12511,25.022,2.42322
12512,25.024,2.42161
12513,25.026,2.41919
12514,25.028,2.42
12515,25.03,2.42484
12516,25.032,2.41436
12517,25.034,2.41919
12518,25.036,2.41919
12519,25.038,2.41194
12520,25.04,2.42081
12521,25.042,2.41919
12522,25.044,2.42242
12523,25.046,2.41839
12524,25.048,2.41839
12525,25.05,2.41275
12526,25.052,2.41919
12527,25.054,2.38696
12528,25.056,2.41758
12529,25.058,2.42
12530,25.06,2.42484
12531,25.062,2.42
12532,25.064,2.42322
12533,25.066,2.4337
12534,25.068,2.42
12535,25.07,2.42886
12536,25.072,2.42725
12537,25.074,2.43128
12538,25.076,2.42322
12539,25.078,2.42725
12540,25.08,2.43451
12541,25.082,2.42725
12542,25.084,2.42886
12543,25.086,2.43451
12544,25.088,2.43612
12545,25.09,2.44095
12546,25.092,2.42806
12547,25.094,2.41919
12548,25.096,2.40952
12549,25.098,2.41033
12550,25.1,2.41114
12551,25.102,2.41758
12552,25.104,2.41275
12553,25.106,2.41839
12554,25.108,2.41839
12555,25.11,2.40872
12556,25.112,2.40872
12557,25.114,2.43451
12558,25.116,2.41758
12559,25.118,2.42
12560,25.12,2.42806
12561,25.122,2.42161
12562,25.124,2.42725
12563,25.126,2.41839
12564,25.128,2.43128
12565,25.13,2.42645
12566,25.132,2.42242
12567,25.134,2.41033
12568,25.136,2.41516
12569,25.138,2.41275
12570,25.14,2.41275
12571,25.142,2.40872
12572,25.144,2.41597
12573,25.146,2.41275
12574,25.148,2.41516
12575,25.15,2.4063
12576,25.152,2.42161
12577,25.154,2.41516
12578,25.156,2.42322
12579,25.158,2.4337
12580,25.16,2.42484
12581,25.162,2.42806
12582,25.164,2.42725
12583,25.166,2.42564
12584,25.168,2.42242
12585,25.17,2.42645
12586,25.172,2.42725
12587,25.174,2.43853
12588,25.176,2.43531
12589,25.178,2.42886
12590,25.18,2.42967
12591,25.182,2.43209
12592,25.184,2.42564
12593,25.186,2.41919
12594,25.188,2.41033
12595,25.19,2.41033
12596,25.192,2.41033
12597,25.194,2.40872
12598,25.196,2.42564
12599,25.198,2.41355
12600,25.2,2.41516
12601,25.202,2.41275
12602,25.204,2.42242
12603,25.206,2.42403
12604,25.208,2.42322
12605,25.21,2.42081
12606,25.212,2.41839
12607,25.214,2.42886
12608,25.216,2.42886
12609,25.218,2.43773
12610,25.22,2.44095
12611,25.222,2.43048
12612,25.224,2.42645
12613,25.226,2.42161
12614,25.228,2.41839
12615,25.23,2.41919
12616,25.232,2.42806
12617,25.234,2.42806
12618,25.236,2.42806
12619,25.238,2.42645
12620,25.24,2.42645
12621,25.242,2.43209
12622,25.244,2.42886
12623,25.246,2.41436
12624,25.248,2.43048
12625,25.25,2.41758
12626,25.252,2.42725
12627,25.254,2.41033
12628,25.256,2.43773
12629,25.258,2.42081
12630,25.26,2.41919
12631,25.262,2.41516
12632,25.264,2.42806
12633,25.266,2.42161
12634,25.268,2.43128
12635,25.27,2.42725
12636,25.272,2.43128
12637,25.274,2.43853
12638,25.276,2.43048
12639,25.278,2.42967
12640,25.28,2.43773
12641,25.282,2.43451
12642,25.284,2.41597
12643,25.286,2.42242
12644,25.288,2.40791
12645,25.29,2.41033
12646,25.292,2.41033
12647,25.294,2.41275
12648,25.296,2.40227
12649,25.298,2.40711
12650,25.3,2.41355
12651,25.302,2.41597
12652,25.304,2.40872
12653,25.306,2.41919
12654,25.308,2.42161
12655,25.31,2.42564
12656,25.312,2.42806
12657,25.314,2.43692
12658,25.316,2.43612
12659,25.318,2.42403
12660,25.32,2.43451
12661,25.322,2.43773
12662,25.324,2.43612
12663,25.326,2.43612
12664,25.328,2.43289
12665,25.33,2.42725
12666,25.332,2.44095
12667,25.334,2.43531
12668,25.336,2.42322
12669,25.338,2.42161
12670,25.34,2.41516
12671,25.342,2.42242
12672,25.344,2.4063
12673,25.346,2.42322
12674,25.348,2.41516
12675,25.35,2.42806
12676,25.352,2.41919
12677,25.354,2.41758
12678,25.356,2.42
12679,25.358,2.43612
12680,25.36,2.42725
12681,25.362,2.42725
12682,25.364,2.42886
12683,25.366,2.43451
12684,25.368,2.42564
12685,25.37,2.43209
12686,25.372,2.44256
12687,25.374,2.44095
12688,25.376,2.44095
12689,25.378,2.45062
12690,25.38,2.44659
12691,25.382,2.43934
12692,25.384,2.43612
12693,25.386,2.42886
12694,25.388,2.42725
12695,25.39,2.41919
12696,25.392,2.41436
12697,25.394,2.41839
12698,25.396,2.41516
12699,25.398,2.41275
12700,25.4,2.42242
12701,25.402,2.40872
12702,25.404,2.41033
12703,25.406,2.41194
12704,25.408,2.41597
12705,25.41,2.40711
12706,25.412,2.42806
12707,25.414,2.42322
12708,25.416,2.43451
12709,25.418,2.42886
12710,25.42,2.43612
12711,25.422,2.43692
12712,25.424,2.43289
12713,25.426,2.43773
12714,25.428,2.44256
12715,25.43,2.44982
12716,25.432,2.43853
12717,25.434,2.44579
12718,25.436,2.44498
12719,25.438,2.44579
12720,25.44,2.44982
12721,25.442,2.45062
12722,25.444,2.45626
12723,25.446,2.44982
12724,25.448,2.46271
12725,25.45,2.44982
12726,25.452,2.46432
12727,25.454,2.46352
12728,25.456,2.45868
12729,25.458,2.45868
12730,25.46,2.4619
12731,25.462,2.45949
12732,25.464,2.46674
12733,25.466,2.47158
12734,25.468,2.45707
12735,25.47,2.45707
12736,25.472,2.46593
12737,25.474,2.4619
12738,25.476,2.46674
12739,25.478,2.46029
12740,25.48,2.45868
12741,25.482,2.4619
12742,25.484,2.46029
12743,25.486,2.46432
12744,25.488,2.46432
12745,25.49,2.46674
12746,25.492,2.45546
12747,25.494,2.4619
12748,25.496,2.45546
12749,25.498,2.45385
12750,25.5,2.44821
12751,25.502,2.4474
12752,25.504,2.45626
12753,25.506,2.45868
12754,25.508,2.47077
12755,25.51,2.48286
12756,25.512,2.46835
12757,25.514,2.50542
12758,25.516,2.48205
12759,25.518,2.49495
12760,25.52,2.52234
12761,25.522,2.52396
12762,25.524,2.53524
12763,25.526,2.53443
12764,25.528,2.54571
12765,25.53,2.53766
12766,25.532,2.53524
12767,25.534,2.5304
12768,25.536,2.53685
12769,25.538,2.53282
12770,25.54,2.5296
12771,25.542,2.52315
12772,25.544,2.52718
12773,25.546,2.50703
12774,25.548,2.51429
12775,25.55,2.51751
12776,25.552,2.5159
12777,25.554,2.5159
12778,25.556,2.52879
12779,25.558,2.51348
12780,25.56,2.52315
12781,25.562,2.52637
12782,25.564,2.51026
12783,25.566,2.50381
12784,25.568,2.51751
12785,25.57,2.52879
12786,25.572,2.52879
12787,25.574,2.53121
12788,25.576,2.53524
12789,25.578,2.53282
12790,25.58,2.52557
12791,25.582,2.52073
12792,25.584,2.52234
12793,25.586,2.52073
12794,25.588,2.5159
12795,25.59,2.5167
12796,25.592,2.51348
12797,25.594,2.50623
12798,25.596,2.51106
12799,25.598,2.49817
12800,25.6,2.49817
12801,25.602,2.49897
12802,25.604,2.49656
12803,25.606,2.49736
12804,25.608,2.52476
12805,25.61,2.49656
12806,25.612,2.48366
12807,25.614,2.48689
12808,25.616,2.4893
12809,25.618,2.48608
12810,25.62,2.48769
12811,25.622,2.48044
12812,25.624,2.48205
12813,25.626,2.48125
12814,25.628,2.47319
12815,25.63,2.47319
12816,25.632,2.46755
12817,25.634,2.46029
12818,25.636,2.46029
12819,25.638,2.45385
12820,25.64,2.45385
12821,25.642,2.44982
12822,25.644,2.44498
12823,25.646,2.43531
12824,25.648,2.43209
12825,25.65,2.43853
12826,25.652,2.43853
12827,25.654,2.43773
12828,25.656,2.42967
12829,25.658,2.42725
12830,25.66,2.43128
12831,25.662,2.42886
12832,25.664,2.43451
12833,25.666,2.42725
12834,25.668,2.42564
12835,25.67,2.42322
12836,25.672,2.43612
12837,25.674,2.43048
12838,25.676,2.41758
12839,25.678,2.42645
12840,25.68,2.40952
12841,25.682,2.41758
12842,25.684,2.41033
12843,25.686,2.4063
12844,25.688,2.40549
12845,25.69,2.39421
12846,25.692,2.39905
12847,25.694,2.39663
12848,25.696,2.38535
12849,25.698,2.37487
12850,25.7,2.37165
12851,25.702,2.38454
12852,25.704,2.38696
12853,25.706,2.39179
12854,25.708,2.39663
12855,25.71,2.39099
12856,25.712,2.39421
12857,25.714,2.39663
12858,25.716,2.39744
12859,25.718,2.39744
12860,25.72,2.40147
12861,25.722,2.4063
12862,25.724,2.41678
12863,25.726,2.40388
12864,25.728,2.40308
12865,25.73,2.39018
12866,25.732,2.3789
12867,25.734,2.38615
12868,25.736,2.38696
12869,25.738,2.39018
12870,25.74,2.39341
12871,25.742,2.38132
12872,25.744,2.39341
12873,25.746,2.38777
12874,25.748,2.40227
12875,25.75,2.38938
12876,25.752,2.38938
12877,25.754,2.39421
12878,25.756,2.40147
12879,25.758,2.4063
12880,25.76,2.40549
12881,25.762,2.41275
12882,25.764,2.40308
12883,25.766,2.41597
12884,25.768,2.41839
12885,25.77,2.41194
12886,25.772,2.43209
12887,25.774,2.41839
12888,25.776,2.41919
12889,25.778,2.4063
12890,25.78,2.40872
12891,25.782,2.41516
12892,25.784,2.4063
12893,25.786,2.40791
12894,25.788,2.41275
12895,25.79,2.41516
12896,25.792,2.39985
12897,25.794,2.40711
12898,25.796,2.40872
12899,25.798,2.40469
12900,25.8,2.40147
12901,25.802,2.39179
12902,25.804,2.39985
12903,25.806,2.38938
12904,25.808,2.39502
12905,25.81,2.39421
12906,25.812,2.42161
12907,25.814,2.42322
12908,25.816,2.42
12909,25.818,2.42564
12910,25.82,2.41919
12911,25.822,2.41919
12912,25.824,2.41275
12913,25.826,2.41758
12914,25.828,2.40308
12915,25.83,2.41114
12916,25.832,2.42081
12917,25.834,2.41033
12918,25.836,2.41355
12919,25.838,2.41597
12920,25.84,2.41516
12921,25.842,2.42
12922,25.844,2.41194
12923,25.846,2.40952
12924,25.848,2.41275
12925,25.85,2.40549
12926,25.852,2.4063
12927,25.854,2.41839
12928,25.856,2.40549
12929,25.858,2.40952
12930,25.86,2.41275
12931,25.862,2.3926
12932,25.864,2.40227
12933,25.866,2.40952
12934,25.868,2.41355
12935,25.87,2.42
12936,25.872,2.42484
12937,25.874,2.41919
12938,25.876,2.41436
12939,25.878,2.41597
12940,25.88,2.41275
12941,25.882,2.41275
12942,25.884,2.41355
12943,25.886,2.42161
12944,25.888,2.42564
12945,25.89,2.41597
12946,25.892,2.41355
12947,25.894,2.41436
12948,25.896,2.41919
12949,25.898,2.42403
12950,25.9,2.41275
12951,25.902,2.41597
12952,25.904,2.43451
12953,25.906,2.43531
12954,25.908,2.44498
12955,25.91,2.45385
12956,25.912,2.4748
12957,25.914,2.47963
12958,25.916,2.46432
12959,25.918,2.46674
12960,25.92,2.47319
12961,25.922,2.46432
12962,25.924,2.47883
12963,25.926,2.4885
12964,25.928,2.47883
12965,25.93,2.48447
12966,25.932,2.5022
12967,25.934,2.53443
12968,25.936,2.55055
12969,25.938,2.58601
12970,25.94,2.59729
12971,25.942,2.62952
12972,25.944,2.65048
12973,25.946,2.68593
12974,25.948,2.71253
12975,25.95,2.74234
12976,25.952,2.78908
12977,25.954,2.83985
12978,25.956,2.89949
12979,25.958,2.9696
12980,25.96,3.01875
12981,25.962,3.07355
12982,25.964,3.12271
12983,25.966,3.17831
12984,25.968,3.2452
12985,25.97,3.27985
12986,25.972,3.28711
12987,25.974,3.29839
12988,25.976,3.3
12989,25.978,3.3
12990,25.98,3.3
12991,25.982,3.3
12992,25.984,3.3
12993,25.986,3.3
12994,25.988,3.3
12995,25.99,3.3
12996,25.992,3.27502
12997,25.994,3.23231
12998,25.996,3.22183
12999,25.998,3.17026
13000,26.0,3.06388
13001,26.002,2.95509
13002,26.004,2.82212
13003,26.006,2.7085
13004,26.008,2.61582
13005,26.01,2.52396
13006,26.012,2.42725
13007,26.014,2.34264
13008,26.016,2.26286
13009,26.018,2.16454
13010,26.02,2.10249
13011,26.022,2.05414
13012,26.024,1.99209
13013,26.026,1.93729
13014,26.028,1.88894
13015,26.03,1.83817
13016,26.032,1.80513
13017,26.034,1.78176
13018,26.036,1.75194
13019,26.038,1.71326
13020,26.04,1.64476
13021,26.042,1.62462
13022,26.044,1.60044
13023,26.046,1.60044
13024,26.048,1.61172
13025,26.05,1.62139
13026,26.052,1.66007
13027,26.054,1.68103
13028,26.056,1.72374
13029,26.058,1.80029
13030,26.06,1.86234
13031,26.062,1.89619
13032,26.064,1.94615
13033,26.066,2.00256
13034,26.068,2.04689
13035,26.07,2.09363
13036,26.072,2.1307
13037,26.074,2.17421
13038,26.076,2.23385
13039,26.078,2.27575
13040,26.08,2.3241
13041,26.082,2.37326
